0001006533000	100% szűretlen almalé	100% unfiltered apple juice
00050678	Gyömbérsör, diet – csípős	Diet fiery ginger beer (Marks & Spencer)
0007000002423	Brezel keksz mix (Croco)	Pretzel cracker mix (Croco)
0016419442843	Mangós joghurt (Milbona)	Mango yogurt (Milbona)
0053990175826	HOT! Hauntin' tejfölös chips (Pringles)	HOT! Hauntin' sour cream crisps (Pringles)
0212002686360	Szőlőlevélbe töltött rizs (Eridanous)	Vine leaves stuffed with rice (Eridanous)
05882465	Citrom ízű krémmel töltött ostya (Penny)	Lemon cream filled wafer (Penny)
07211119	Bio kölesgolyó – kakaós (Biopont)	Organic millet balls – cocoa (Biopont)
08560377	Mozzarella laktózmentes (enjoy free)	Lactose-free mozzarella (enjoy free)
0929221747771	Narancsital (Xixo)	Orange drink (Xixo)
0990805006331	Natúr joghurt 3% (Sissy)	Plain yogurt 3% (Sissy)
1701509200005	IKEA eperlekvár	IKEA strawberry jam
1903749190003	IKEA zabkeksz, cukormentes	IKEA oatmeal cookies, sugar free
19228778	Csokoládés zabkása (Spar)	Chocolate porridge (Spar)
19611198	Zabpehely (dmBio)	Rolled oats (dmBio)
2000000028573	Kinder Happy Hippo – kakaós	Kinder Happy Hippo – cocoa
2000000145290	Békéscsabai mangalica vastagkolbász (Villám)	Békéscsaba mangalica thick sausage (Villám)
20000639	Sárgabarack extra dzsem (Lidl)	Apricot extra jam (Lidl)
20001407	Prémium csokoládé jégkrém (Bon Gelati)	Premium chocolate ice cream (Bon Gelati)
20002077	Natúr joghurt 1,5% (Milbona)	Plain yogurt 1.5% (Milbona)
20002190	Mascarpone (Lovilio)	Mascarpone (Lovilio)
20002305	Prosciutto cotto	Prosciutto cotto (cooked ham)
20002589	Lasagne Bolognese sertéshússal (Chef Select)	Lasagne Bolognese with pork (Chef Select)
20003234	Gyümölcsös müzli	Fruit muesli
20003258	Zsemlegombóc (Alpenfest)	Bread dumplings (Alpenfest)
20005825	Tejcsokoládé	Milk chocolate
20006167	Puffasztott rizsszelet szezámmal	Puffed rice cakes with sesame
20006228	Szeletelt fehér toastkenyér (Tastino)	Sliced white toast bread (Tastino)
20012373	Felvágott válogatás – mortadella, vadászkolbász (Dulano)	Cold cuts assortment – mortadella, hunter's sausage (Dulano)
20014384	Sózott pörkölt mogyoró	Roasted salted peanuts
20017088	Pulled pork	Pulled pork
20029845	Csokis banán (Mister Choc)	Chocolate bananas (Mister Choc)
20034184	Amaretti aprósütemény (Italiamo)	Amaretti biscuits (Italiamo)
20036133	Mandulás spekulatius keksz (Favorina)	Almond speculoos biscuits (Favorina)
20039547	Tejszín 30% (Milbona)	Whipping cream 30% (Milbona)
20039929	Kávétejszín (Milbona)	Coffee cream (Milbona)
20044749	Csokis banán mini (Mister Choc)	Chocolate banana minis (Mister Choc)
20047559	Görög joghurt (Pilos)	Greek yogurt (Pilos)
20048686	Reszelt sajt (Italiamo)	Grated cheese (Italiamo)
20051426	Teljes kiőrlésű búzatoast (Tastino)	Wholegrain wheat toast (Tastino)
20052454	Kukoricapehely (Crownfield)	Corn flakes (Crownfield)
20058548	Tejszínhab krém (Bellarom)	Cream topping (Bellarom)
20058623	Vegyes keksz (Sondey)	Assorted biscuits (Sondey)
20076092	Piskótatallér (Tastino)	Sponge cake rounds (Tastino)
20079598	Mogyoró ízű kakaós krém (Lidl)	Hazelnut cocoa spread (Lidl)
20088477	Füstölt főtt sertéssonka (Dulano)	Smoked cooked pork ham (Dulano)
20092016	Kókusztej alapú fagylalt (Vemondo)	Coconut milk based ice cream (Vemondo)
20092665	Gouda sajt (Milbona)	Gouda cheese (Milbona)
20093822	Panírozott csirkemellfilé (Culinea)	Breaded chicken breast fillet (Culinea)
20094331	Chilis bab darált marhahússal (Kania)	Chili beans with minced beef (Kania)
20094508	Fűszernövényes krémsajt (Milbona)	Whipped soft cheese with herbs (Milbona)
20101053	75% kakaós krémmel töltött ostya (Sondey)	Wafer with 75% cocoa cream (Sondey)
20102890	Pesto (Pilos)	Pesto (Pilos)
20104467	Tejföl 20% (Pilos)	Sour cream 20% (Pilos)
20104474	Tejföl 20% (Pilos)	Sour cream 20% (Pilos)
20105204	Kefir 3,5% (Pilos)	Kefir 3.5% (Pilos)
20107338	Háromízű fagylalt (Bon Gelati)	Triple taste ice cream (Bon Gelati)
20116101	Citrom ízesítő (Solevita)	Lemon flavouring (Solevita)
20121556	Taco készlet (El Tequito)	Taco dinner kit (El Tequito)
20123093	UHT tej 2,8% (Pilos)	UHT milk 2.8% (Pilos)
20123109	UHT tej 1,5% (Pilos)	UHT milk 1.5% (Pilos)
20138400	Gyulai szárazkolbász, szeletelt (Hazánk kincsei)	Gyula dry sausage, sliced (Hazánk kincsei)
20138417	Gyulai pároskolbász (Hazánk kincsei)	Gyula steamed sausage (Hazánk kincsei)
20147471	Csirke fricassé (Chef Select)	Chicken fricassée (Chef Select)
20150273	Laktózmentes joghurt (Pilos)	Lactose-free yogurt (Pilos)
20151157	Nemespenészes csemegeszalámi (Pikok)	Mould-ripened delicatessen salami (Pikok)
20151171	Nemespenészes paprikás szalámi (Pikok Pure)	Mould-ripened paprika salami (Pikok Pure)
20151287	Pulykamellsonka (Pikok Pure)	Turkey breast ham (Pikok Pure)
20155605	Expression – őszibarackos-maracujás (Envia)	Expression – peach-passion fruit (Envia)
20155810	Tej 1,5% ESL (Pilos)	Milk 1.5% ESL (Pilos)
20156046	Leveles tészta (Culinea)	Puff pastry (Culinea)
20158767	Tejcsokoládé bevonó (Belbake)	Milk chocolate couverture (Belbake)
20158781	Fehér csokoládé bevonó (Belbake)	White chocolate couverture (Belbake)
20159177	Tejföl 12% (Pilos)	Sour cream 12% (Pilos)
20192716	Jelly beans cukorka (Mcennedy)	Jelly beans (Mcennedy)
20213114	Cannelloni (Italiamo)	Cannelloni (Italiamo)
20215248	Sertéssonka paprikás szegéllyel (Dulano)	Pork ham with paprika rim (Dulano)
20218393	Szalámis pizza (Trattoria Alfredo)	Salami pizza (Trattoria Alfredo)
20219901	Epres fagylalt (Gelatelli)	Strawberry ice cream (Gelatelli)
20223175	Virsli, főtt-füstölt (Pikok)	Smoked frankfurters (Pikok)
20225087	Cheddar sajt (Hatherwood)	Mature cheddar (Hatherwood)
20243135	Toffee & nuts fagylalt (Mister Choc)	Toffee & nuts (Mister Choc)
20248796	Parenyica (Lidl)	Parenica smoked cheese (Lidl)
20248802	Trappista sajt (Pilos)	Trappist cheese (Pilos)
20249038	Comté sajtos szelet (Dulano)	Comté cheese slice (Dulano)
20249403	Nemespenészes csemegeszalámi (Kométa)	Mould-ripened delicatessen salami (Kométa)
20252243	Epres corner fagylalt (Ballino)	Strawberry ice cream cone (Ballino)
20252250	Vaníliás corner fagylalt (Ballino)	Vanilla ice cream cone (Ballino)
20255428	Tapióka- és garnélachips, klasszikus	Tapioca and prawn crackers, classic
20258221	Tejfölös-hagymás chips (Snack Day)	Sour cream & onion chips (Snack Day)
20261306	Bourbon vanília (J.D. Gross)	Bourbon vanilla (J.D. Gross)
20280239	Gouda szeletelt, XXL (Milbona)	Gouda slices, XXL (Milbona)
20281151	Crème brûlée (Deluxe)	Crème brûlée (Deluxe)
20284329	Cappelletti nyers sonkával (Italiamo)	Cappelletti with prosciutto crudo (Italiamo)
20284503	Tortelloni ricottával és spenóttal (Deluxe)	Tortelloni with ricotta and spinach (Deluxe)
20284510	Tortelloni ricottával és gombával (Chef Select)	Tortelloni with ricotta and mushrooms (Chef Select)
20303822	Sertés-marha griller, sajtos (Grill Meister)	Pork-beef grill sausage with cheese (Grill Meister)
20304591	Fehér csokoládé 32% mandulával (J.D. Gross)	White chocolate 32% with almonds (J.D. Gross)
20305383	Cári sajt (Pilos)	Tsar cheese (Pilos)
20307950	Csevapcsicsa (Grill & Fun)	Ćevapčići (Grill & Fun)
20309275	Barackos joghurt gyümölcsdarabokkal (Pilos)	Peach yogurt with fruit pieces (Pilos)
20310615	Ropogós csokis-mogyorós müzli (Crownfield)	Crunchy chocolate & hazelnut muesli (Crownfield)
20329211	Tortelloni ricottával, fontinával és spenóttal (Deluxe)	Tortelloni with ricotta, fontina and spinach (Deluxe)
20331122	L'Amourelle szalámi (Deluxe)	L'Amourelle salami (Deluxe)
20347529	Petit Beurre vaníliás keksz (Tastino)	Petit Beurre vanilla biscuits (Tastino)
20358457	Ropogós müzli eperrel (Crownfield)	Crunchy strawberry muesli (Crownfield)
20365141	Tejföl (Pilos)	Sour cream (Pilos)
20367343	Görög joghurt (Milbona)	Greek yogurt (Milbona)
20387594	Morva sonka (Pikok)	Moravian ham (Pikok)
20393113	Grandino csokis-mogyorós keksz (Sondey)	Grandino chocolate and hazelnut biscuits (Sondey)
20402013	Kakaós tejital (Pilos)	Cocoa milk drink (Pilos)
20402310	Laktózmentes tej 2,8% (Pilos)	Lactose-free milk 2.8% (Pilos)
20402327	Laktózmentes tejföl (Naszálytej)	Lactose-free sour cream (Naszálytej)
20423209	Snack kolbász, csípős (Csabahús)	Spicy snack sausage (Csabahús)
20436278	Sárgabaracklekvár (Maribel)	Apricot jam (Maribel)
20437657	Zsírszegény tehéntúró (Pilos)	Low-fat cow's milk quark (Pilos)
20444112	Profiterol (Deluxe)	Profiteroles (Deluxe)
20452735	Mogyorókrémes-csokoládés cookie (Grandino)	Hazelnut cream and chocolate cookies (Grandino)
20462444	Luganega kolbász, tekert (Suino)	Luganega pork sausage, coiled (Suino)
20488703	Crusti Choc (Fin Carré)	Crusti Choc (Fin Carré)
20489526	Almalé	Apple juice
20489809	Reggeliző keksz (Lidl)	Breakfast biscuits (Lidl)
20491598	Antipasti kolbászválogatás (Italiamo)	Antipasti sausage platter (Italiamo)
20499822	Tortellone ricottával, gorgonzolával és dióval (Italiamo)	Tortellone with ricotta, gorgonzola and walnuts (Italiamo)
20503581	Ventricina szalámi (Italiamo)	Ventricina salami (Italiamo)
20503963	Melegszendvicskrém – hamburger ízű (Pikok)	Hot sandwich spread – hamburger flavour (Pikok)
20505028	Rántott trappista sajt petrezselyemmel és fokhagymával (Culinea)	Breaded Trappist cheese with parsley and garlic (Culinea)
20510114	Cheddar Valley Spire (Milbona)	Cheddar Valley Spire (Milbona)
20529963	Wasabi snack (Alesto)	Wasabi crisps (Alesto)
20531072	Főzőtejszín 22% (Milbona)	Cooking cream 22% (Milbona)
20540111	Joghurt színes cukorgyöngyökkel (Bechtel)	Yogurt with cola bubbles (Bechtel)
20553036	Csokoládés desszert (Deluxe)	Chocolate dessert (Deluxe)
20574741	Stilton sajt mazsolával, kandírozott narancshéjjal és pezsgővel (Deluxe)	Stilton cheese with raisins, candied orange peel and champagne (Deluxe)
20586065	Camembert (Lidl)	Camembert (Lidl)
20586591	Tejföl 12% (Pilos)	Sour cream 12% (Pilos)
20587086	Omlós keksz kakaóval (Sondey)	Shortbread biscuits with cocoa (Sondey)
20588007	Grillsajt – klasszikus (Pilos)	Grilling cheese – classic (Pilos)
20588014	Grillsajt fűszernövényekkel (Kőröstej)	Grilling cheese with herbs (Kőröstej)
20590260	Narancslé (Solevita)	Orange juice (Solevita)
20603373	Edami sajt (Milbona)	Edam cheese (Milbona)
20612610	Camargue-i sós vaj (Deluxe)	Camargue salted butter (Deluxe)
20622671	Scamorza (Italiamo)	Scamorza (Italiamo)
20628130	Laktózmentes cottage cheese (Milbona)	Lactose-free cottage cheese (Milbona)
20636838	Csokoládé húsvéti nyuszi (Favorina)	Chocolate Easter bunny (Favorina)
20660635	Csokis banán (First Nice)	Chocolate bananas (First Nice)
20684181	Vajkrém póréhagymás (Hazánk Kincsei)	Leek butter spread (Hazánk Kincsei)
20684204	Natúr joghurt 3,2% (Pilos)	Plain yogurt 3.2% (Pilos)
20706869	Alkoholos csokoládétrüffel (Deluxe)	Chocolate truffles with alcohol (Deluxe)
20707248	Profiterol étcsokoládé szószos (Duc de Coeur)	Profiteroles with dark chocolate sauce (Duc de Coeur)
20754242	Laktózmentes trappista sajt (Lidl)	Lactose-free Trappist cheese (Lidl)
20754303	Székelykáposzta csirkemellel (Chef Select)	Székely goulash with chicken breast (Chef Select)
20755362	Szamóca extradzsem (Lidl)	Strawberry extra jam (Lidl)
20761776	Krémes görög joghurt (Pilos)	Creamy Greek-style yogurt (Pilos)
20769901	Bio almás keksz (Parlasca)	Organic apple biscuits (Parlasca)
20769918	Bio banános keksz (Lupilu)	Organic spelt and banana biscuits (Lupilu)
20800093	Borsó instant leves (Kania)	Pea instant cup soup (Kania)
20800130	Paradicsom instant leves (Kania)	Tomato instant soup (Kania)
20805845	Gouda sajt (Milbona)	Gouda cheese (Milbona)
20839987	Knuspo étcsokoládé (Mister Choc)	Knuspo dark chocolate (Mister Choc)
20841553	Macaron – csokoládé, kávé, pisztácia, karamell (Trium)	Macarons – chocolate, coffee, pistachio, caramel (Trium)
20847838	Csokis rudak (Lidl)	Chocolate sticks (Lidl)
20849924	Tortelloni ricottával és spenóttal (Chef Select)	Tortelloni with ricotta and spinach (Chef Select)
20880514	Guacamole (El Tequito)	Guacamole (El Tequito)
20897291	Amerikai kenyér (Tastino)	American bread (Tastino)
20933845	Nemes szalámi (Mühlenhof)	Edelsalami (Mühlenhof)
20948429	Melegszendvicskrém – pizza ízű (Pikok)	Hot sandwich spread – pizza flavour (Pikok)
20948436	Melegszendvicskrém – provence-i ízű (Pikok)	Hot sandwich spread – Provençal flavour (Pikok)
20948535	Francia saláta (Chef Select)	French salad (Chef Select)
20948764	Kaszinótojás franciasalátával (Chef Select)	Casino eggs with French salad (Chef Select)
20948771	Tormás sonkatekercs franciasalátával (Chef Select)	Ham roll with horseradish and French salad (Chef Select)
20948801	Szamócás joghurt (Galla Food)	Strawberry yogurt (Galla Food)
20948825	Bio babakeksz (Lupilu)	Organic baby biscuits (Lupilu)
20949365	Krémjoghurt – áfonya, édesítőszerrel (Pilos)	Cream yogurt – blueberry, with sweeteners (Pilos)
20949501	Jókai bableves (Chef Select)	Jókai bean soup (Chef Select)
20950170	Pulykamellsonka (Pikok)	Turkey breast ham (Pikok)
20961022	Mini brownie csokoládés (Sondey)	Mini chocolate brownie (Sondey)
20962470	Puffasztott barnarizs-chips – sajtos (Snack Day)	Puffed brown rice chips – cheese (Snack Day)
20971236	Mozzarella di Bufala Campana D.O.P. (Milbona)	Mozzarella di Bufala Campana PDO (Milbona)
20995720	Edami sajt (Milbona)	Edam cheese (Milbona)
2100100138035	Paradicsomleves zellerrel (VkusVill)	Tomato soup with celery (VkusVill)
2100100268268	Ananászlé, frissen préselt (VkusVill)	Pineapple juice, freshly pressed (VkusVill)
2100100527655	Vitamin saláta citromos öntettel (VkusVill)	Vitamin salad with lemon dressing (VkusVill)
2200210644560	Bio tönkölypálcika (Beauty Baby)	Organic spelt sticks (Beauty Baby)
2200255573054	Mandulaital (Bio Primo)	Almond drink (Bio Primo)
2200295749884	Ropogós tönkölymüzli, natúr (Bio Primo)	Crunchy spelt muesli, plain (Bio Primo)
22114891	Schwarzwaldi sonka, fán füstölt (Aldi)	Black Forest ham, wood smoked (Aldi)
22152718	Erős cheddar (Aldi)	Strong cheddar (Aldi)
24000727	Csirkemellsonka borsos bevonattal (eFeF)	Chicken breast ham with pepper coating (eFeF)
24027922	Tejföl 20% (Milfina)	Sour cream 20% (Milfina)
24028172	Teavaj (Aldi)	Tea butter (Aldi)
24039628	Tejföl 12% (Aldi)	Sour cream 12% (Aldi)
24040839	Bécsi virsli (Aldi)	Vienna sausages (Aldi)
24041072	100%-os narancslé (Pure Fruits)	100% orange juice from concentrate (Pure Fruits)
24043144	Extrudált kukoricapehely, sós (Szimita-Trade)	Extruded corn puffs, salted (Szimita-Trade)
24043878	Tej 2,8% (Milfina)	Milk 2.8% (Milfina)
24052627	Parenyica (Milfina)	Parenica smoked cheese (Milfina)
24052634	Brindza (Milfina)	Bryndza sheep cheese (Milfina)
24055918	Dianás cukorka (Ponacco)	Diana candy (Ponacco)
24057561	Rudi – natúr (FrieslandCampina)	Rudi quark bar – plain (FrieslandCampina)
24057844	Sütnivaló kolbász (Pápai hús)	Sausage for frying (Pápai hús)
24058186	Márkázott vaj, enyhén savanyított (Desira)	Branded butter, lightly soured (Desira)
24064521	Frankfurti virsli, hámozott (Wiesbauer-Dunahús)	Frankfurter sausages, skinless (Wiesbauer-Dunahús)
24064538	Hámozott frankfurti koktélvirsli (Aldi)	Skinless Frankfurter cocktail sausages (Aldi)
24066563	Vaníliás jégkrém (Aldi)	Vanilla ice cream (Aldi)
24070805	Mini sertésmájas, snidlinges (Aldi)	Mini pork liver pâté with chives (Aldi)
24074421	Symphony klasszikus (Bella)	Classic Symphony (Bella)
24075695	Citromos gyümölcsös krémjoghurt (Alföldi Tej)	Lemon fruit cream yogurt (Alföldi Tej)
24076029	Gombakrémleves, instant (Le Gusto)	Mushroom cream instant cup soup (Le Gusto)
24076111	Paradicsomleves, instant (Le Gusto)	Tomato instant cup soup (Le Gusto)
24076128	Póréhagyma krémleves, instant (Le Gusto)	Leek cream instant cup soup (Le Gusto)
24078559	Zsírszegény natúr joghurt (Milfina)	Low-fat plain yogurt (Milfina)
24083560	Hagymás-tejfölös chips (Snack Fun)	Sour cream & onion chips (Snack Fun)
24086172	Kókuszrúd (Aldi)	Coconut bar (Aldi)
24092708	Toastkenyér (Aranykalász)	Toast bread (Aranykalász)
24097277	Laktózmentes vaj (Milfina)	Lactose-free butter (Milfina)
24097307	Laktózmentes tej 2,8% (Aldi)	Lactose-free milk 2.8% (Aldi)
24097314	Laktózmentes tejföl (Milfina)	Lactose-free sour cream (Milfina)
24120494	Koktél bécsi virsli (Aldi)	Cocktail Vienna sausages (Aldi)
24123037	Gluténmentes lapkenyér (Enjoy Free)	Gluten-free flatbread (Enjoy Free)
24179928	Gluténmentes toastszeletek (Aldi)	Gluten-free toast slices (Aldi)
24188180	Rizskása étcsokoládéval és inulinnal (Happy Harvest)	Rice porridge with dark chocolate and inulin (Happy Harvest)
24188227	Rizskása chiamaggal és inulinnal (Happy Harvest)	Rice porridge with chia seeds and inulin (Happy Harvest)
24188531	Banános zabkása hozzáadott cukor nélkül (Happy Harvest)	Banana oat porridge, no added sugar (Happy Harvest)
24229425	Kaukázusi kefir (Milfina)	Caucasian kefir (Milfina)
24230131	Reggeliző keksz (Finest Bakery)	Breakfast biscuits (Finest Bakery)
24230445	Cukormentes tejcsokoládé (Choceur)	Sugar-free milk chocolate (Choceur)
24233972	Bio tönkölybúza sóspálcika (Natur aktiv)	Organic spelt salt sticks (Natur aktiv)
24243759	Fehér csokoládé maltitollal (Choceur)	White chocolate with maltitol (Choceur)
2819561014542	Trappista sajt (Pilos)	Trappist cheese (Pilos)
2869447010304	Bácskai gyúrt sajt (Mizo)	Bácska kneaded cheese (Mizo)
2881726002022	Mangalica füstölt csemegeszalonna (Imki)	Smoked mangalica delicatessen bacon (Imki)
2890235001013	Parasztos mini parenyica (Agrofarma)	Rustic mini parenica smoked cheese (Agrofarma)
3017760524797	Dörmi – tejes (Győri)	Dörmi – milk (Győri)
3017760524896	Dörmi – csokis (Győri)	Dörmi – chocolate (Győri)
3045140105502	Milka alpesi tejcsokoládé	Milka Alpine milk chocolate bar
3073780839631	Kiri krémsajtkocka (Bel)	Kiri cream cheese cubes (Bel)
3083680495882	Bon Menu mexikói – vörösbab és kukorica (Bonduelle)	Bon Menu Mexicana – red beans and corn (Bonduelle)
3083681031171	Bon Menu curry (Bonduelle)	Bon Menu curry (Bonduelle)
3083681081763	Karfiolos krémleves zöldségkeverék (Bonduelle)	Cauliflower cream soup vegetable mix (Bonduelle)
3083681115611	Cereali – sütőtök és hajdina keverék (Bonduelle)	Cereali – pumpkin and buckwheat mix (Bonduelle)
3083681165371	Bon Menu marokkói (Bonduelle)	Bon Menu Moroccan (Bonduelle)
3083681181036	Good Lunch mexikói ízesítésű rizs (Bonduelle)	Good Lunch Mexican style rice (Bonduelle)
3245678047217	Mentás étcsokoládé (Auchan)	Dark mint chocolate (Auchan)
3245678055939	Mogyorós-kakaós kenhető krém (Auchan)	Hazelnut cocoa spread (Auchan)
3387390122473	Cini Minis (Nestlé)	Cini Minis (Nestlé)
3596710335510	Mozzarella di Bufala Campana A.O.P. (Auchan)	Mozzarella di Bufala Campana PDO (Auchan)
3596710363575	Sós karamellás tartelette (Auchan)	Salted caramel tartlet (Auchan)
3596710364787	Tortilla chips, natúr (Auchan)	Tortilla chips, plain (Auchan)
3596710436521	Epres joghurtital (Auchan)	Strawberry yogurt drink (Auchan)
3596710442393	Camembert (Auchan)	Camembert (Auchan)
3596710468027	Tarama tőkehalikrával (Auchan)	Tarama with cod roe (Auchan)
3596710517442	Keksz tejcsokoládéval (Auchan)	Biscuits with milk chocolate bar (Auchan)
3609200009126	Cris'Peas – tejfölös-hagymás (N.A!)	Cris'Peas – cream and onion (N.A!)
3700977700046	Ropogós csokis müzli (Comme j'aime)	Crunchy chocolate muesli (Comme j'aime)
3760163670034	Express ázsiai rizs (K-Classic)	Express Asian-style rice (K-Classic)
3800061603328	Hyper Hazelnut ostya (Prestige)	Hyper Hazelnut wafer (Prestige)
3800143002292	Füstölt gyorsérlelésű szeletelt húskészítmény (Kamarko)	Smoked quick-cured sliced meat product (Kamarko)
3800200450967	Bruschetta chips (Krambals)	Bruschetta crisps (Krambals)
3800202667127	Padlizsánköret, csípős (Vecon)	Aubergine relish, hot (Vecon)
3800205875109	Bruschetta chips – paradicsom, olajbogyó, oregánó (Maretti)	Bruschette chips – tomato, olives & oregano (Maretti)
3800233070118	Barnarizs chips – tejfölös-hagymás (Rice Up!)	Brown rice chips – sour cream & onion (Rice Up!)
3800233074208	Puffasztott barnarizs chips – humuszos (Rice Up!)	Popped brown rice chips – hummus (Rice Up!)
3850104050565	Ajvár, csípős (Podravka)	Ajvar, hot (Podravka)
3850104051029	Ajvár, csemege (Podravka)	Ajvar, mild (Podravka)
3850104257933	Vegeta Natur (Podravka)	Vegeta Natur seasoning (Podravka)
3850116755328	Grandissimo – piskóta és csokoládé-mogyoró (Ledo)	Grandissimo – sponge and chocolate-hazelnut (Ledo)
3850116787633	Grandissimo profiterol (Ledo)	Grandissimo profiteroles (Ledo)
3856014113604	Reggeliző keksz – gabona és áfonya (Koestlin)	Breakfast biscuits – cereals & cranberry (Koestlin)
3856014117886	Reggeliző keksz – dupla csokoládé (Koestlin)	Breakfast biscuits – double chocolate (Koestlin)
3859888532465	Chips, sós (Salty)	Chips, salted (Salty)
3859888532489	Chips, hagymás-tejfölös (Salty)	Chips, sour cream & onion (Salty)
3859888532502	Chips X-Cut, hagymás-tejfölös (Salty)	X-Cut chips, sour cream & onion (Salty)
3902634650392	Hagymás-tejfölös chips (Vipa)	Sour cream & onion chips (Vipa)
4000400156747	Házias daragaluskaleves (Knorr)	Homestyle semolina dumpling soup (Knorr)
4000417023001	Ritter Sport egész mandulás csokoládé	Ritter Sport whole almonds chocolate
4000436506066	Trappista sajt (Ammerländer)	Trappist cheese (Ammerländer)
4000436506080	Trappista sajt (Ammerland)	Trappist cheese (Ammerland)
4000512015062	Number One gumicukor (Trolli)	Number One gummy candy (Trolli)
4000521035853	Gyümölcsmüzli (Dr. Oetker)	Fruit muesli (Dr. Oetker)
4000522060069	Gold Fischli szezámmagos kréker (Funny-Frisch)	Gold Fischli sesame crackers (Funny-Frisch)
4000522063718	Pom-Bar Original (Chio)	Pom-Bar Original (Chio)
4000522064890	Snack (Chio)	Snack (Chio)
4000539396564	Lindt Hochfein praliné	Lindt Hochfein pralines
4001242002384	Tortilla chips – nacho sajt (Chio)	Tortilla chips – nacho cheese (Chio)
4001686005927	Haribo Pixel	Haribo Pixel
4001686828854	Haribo SpringMazing	Haribo SpringMazing
4001686834022	Haribo Gominolas	Haribo Gominolas
4001724027348	Ristorante pizza – négysajtos (Dr. Oetker)	Ristorante pizza – quattro formaggi (Dr. Oetker)
4001724027409	Ristorante pizza – hawaii (Dr. Oetker)	Ristorante pizza – Hawaii (Dr. Oetker)
4001724037545	Ristorante pizza – szalámis (Dr. Oetker)	Ristorante pizza – salami (Dr. Oetker)
4001952062289	Ice Candies cukorka (Sky Candy)	Ice candies (Sky Candy)
4002603080287	Jégbonbon (Eichetti)	Ice confectionery (Eichetti)
4002671123701	Feta light (Patros)	Light feta (Patros)
4003160265605	Töltött mézeskalács szív (Weiss)	Filled gingerbread hearts (Weiss)
40052489	KitKat (Nestlé)	KitKat (Nestlé)
4006814001529	Choco-Riz (Wawi)	Choco-Riz (Wawi)
4008400290126	Kinder Pingui	Kinder Pingui
4008400401621	Nutella	Nutella
4008400553023	Kinder Maxi King	Kinder Maxi King
4008452035119	Gyümölcsös túró – spanyol narancs (Weihenstephan)	Fruit quark – Spanish orange (Weihenstephan)
40084701	Kinder Riegel csokoládé	Kinder Riegel chocolate bar
40084725	Kinder Tejszelet	Kinder Milk Slice
40084794	Kinder Milchschnitte	Kinder Milk Slice (Milchschnitte)
4008569001014	Zabpehely (Hahne)	Rolled oats (Hahne)
4009900018784	Orbit spearmint rágógumi	Orbit spearmint chewing gum
4009900382199	Orbit peppermint rágógumi	Orbit peppermint chewing gum
4009900406918	Hubba Bubba Mega Long	Hubba Bubba Mega Long
4009900412087	Orbit peppermint rágógumi	Orbit peppermint chewing gum
4009900412117	Orbit mentás cukormentes rágógumi	Orbit spearmint sugar-free chewing gum
4009900426121	Airwaves Cool Cassis rágógumi	Airwaves Cool Cassis chewing gum
4009900484695	Orbit spearmint XXL cukormentes rágógumi	Orbit spearmint XXL sugar-free chewing gum
4010355370488	Gyümölcsmüzli (dmBio)	Fruit muesli (dmBio)
40111216	Bounty kókuszos tejcsokoládé szelet	Bounty coconut milk chocolate bar
4014400400007	Toffifee	Toffifee
4014400922493	Lazacgumicukor – piros gyümölcsös (Storck)	Salmon-shaped gummies – red fruits (Storck)
4014500034263	Élőflórás tejföl (Zott)	Live-culture sour cream (Zott)
4014500034300	Tejföl 20% (Zott Primo)	Sour cream 20% (Zott Primo)
4014500504520	Joghurtital – őszibarack-maracuja (Zott)	Yogurt drink – peach-passion fruit (Zott)
4014500505459	Bayerntaler mogyorós-enyhe sajt (Zott)	Bayerntaler nutty-mild cheese (Zott)
4014500511658	Jogobella panna cotta (Zott)	Jogobella panna cotta (Zott)
4014500512686	Zott Monte	Zott Monte
4014500512976	Jogobella – körte, meggy (Zott)	Jogobella – pear, cherry (Zott)
4014500512990	Jogobella joghurt (Zott)	Jogobella yogurt (Zott)
4014500514369	Görög stílusú joghurt (Zott)	Greek-style yogurt (Zott)
4014500515502	Zott Monte Snack	Zott Monte Snack
4014500517278	Krémes desszert – áfonya, eper, meggy, barack, maracuja (Coop)	Creamy dessert – blueberry, strawberry, cherry, peach, passion fruit (Coop)
4014500517360	Jogobella laktózmentes – málna (Zott)	Jogobella lactose-free – raspberry (Zott)
4014500517711	Milk Tiger sajtfonat (Zott)	Milk Tiger cheese strings (Zott)
4014500518428	Jogobella Cereal – eper, élőflórás joghurt gabonamagvakkal (Zott)	Jogobella Cereal – strawberry live-culture yogurt with cereal grains (Zott)
4014500518589	Monte snack (Zott)	Monte snack (Zott)
4014500518893	Cremore Duo – mogyorós puding (Zott)	Cremore Duo – hazelnut pudding with topping (Zott)
4014500518916	Jogobella – barack-rozmaring (Zott)	Jogobella – apricot-rosemary (Zott)
4014500519180	Protein puding (Zott)	Protein pudding (Zott)
4014500519913	Jogobella L. Casei 431	Jogobella L. Casei 431
4014500520391	Monte snack extra mogyoró (Zott)	Monte snack extra hazelnuts (Zott)
4018077773334	Crunchips X-Cut, sós (Lorenz)	Crunchips X-Cut, salted (Lorenz)
4023600007442	Götterspeise mini – málna (Dr. Oetker)	Götterspeise minis – raspberry (Dr. Oetker)
4023600015010	High Protein puding (Dr. Oetker)	High Protein pudding (Dr. Oetker)
4023800012833	Marcipán krumpli (Schluckwerder)	Marzipan potatoes (Schluckwerder)
4025500135614	Müllermilch – banános tejital (Müller)	Müllermilch – banana milk drink (Müller)
4025500272142	Müllerdrink – vaníliás (Müller)	Müllerdrink – vanilla (Müller)
4052917024804	Ostyatekercs mogyorókrémmel (Sondey)	Wafer curls with peanut cream (Sondey)
4056489009184	Tortelloni pesto bazsalikommal (Chef Select)	Tortelloni with basil pesto (Chef Select)
4056489009214	Tortellini – füstölt sonkás (Chef Select)	Tortellini with prosciutto crudo (Chef Select)
4056489018636	Teljes kiőrlésű tortilla wrap (Grafschafter)	Whole grain tortilla wraps (Grafschafter)
4056489028109	Bio gyömbér shot (Lidl)	Organic ginger shot (Lidl)
4056489036371	Sajtmix (Milbona)	Cheese mix (Milbona)
4056489042952	San Daniele nyers sonka (Lidl)	San Daniele prosciutto (Lidl)
4056489063513	Sertés combsonka (Lenc)	Pork leg ham (Lenc)
4056489063773	Ropogós müzli málnával és áfonyával (Crownfield)	Crunchy raspberry & blueberry muesli (Crownfield)
4056489069867	Zselici teljes tej (Hazánk Kincsei)	Zselic whole milk (Hazánk Kincsei)
4056489071082	Natúr joghurt (Pilos)	Plain yogurt (Pilos)
4056489071372	Szatmári szilvalekvár (Hazánk Kincsei)	Szatmár plum jam (Hazánk Kincsei)
4056489095637	Mozzarella (Milbona)	Mozzarella (Milbona)
4056489096627	Tortelloni, négysajtos (Chef Select)	Tortelloni, four cheese (Chef Select)
4056489099680	Mozzarella (Latteria)	Mozzarella (Latteria)
4056489104230	Pörkölt sózott kesudió (Alesto)	Roasted salted cashews (Alesto)
4056489108160	Homogenizált teljes tej 3,5% (Milbona)	Homogenised whole milk 3.5% (Milbona)
4056489108375	Vaj 82% (Pilos)	Butter 82% (Pilos)
4056489111078	Félzsíros margarin olívaolajjal (Vita D'Or)	Half-fat margarine with olive oil (Vita D'Or)
4056489113591	Sárgarépalé mézzel (Solevita)	Carrot juice with honey (Solevita)
4056489114710	Schwarzwaldi sonka (Dulano)	Black Forest ham (Dulano)
4056489117728	Pierogi savanyú káposztás-szalonnás töltelékkel (Kuljanka)	Pierogi with sauerkraut and bacon filling (Kuljanka)
4056489157731	Rántott trappista sajt (Culinea)	Breaded Trappist cheese (Culinea)
4056489157748	Gyümölcsszelet – sárgabarack (Alesto)	Fruit snack apricot bar (Alesto)
4056489158028	Laktózmentes vaj (Pilos)	Lactose-free butter (Pilos)
4056489159018	Saguaro – citrom-lime-menta (Lidl)	Saguaro – lemon lime mint (Lidl)
4056489178811	Datolyaszelet kakaóval és narancsolajjal (Alesto)	Date bar with cocoa and orange oil (Alesto)
4056489179474	Füstölt sertésvirsli (Pikok)	Smoked pork frankfurters (Pikok)
4056489195917	Apró zabpehely (Crownfield)	Fine oat flakes (Crownfield)
4056489197393	Sült sonka (Pikok)	Baked ham (Pikok)
4056489216216	Vaníliás túródesszert (Lidl)	Vanilla flavour quark (Lidl)
4056489254157	Bio zabpehely (Crownfield)	Organic rolled oats (Crownfield)
4056489258353	Málnás-gránátalmás tejtermék (Lidl)	Raspberry-pomegranate dairy product (Lidl)
4056489258360	High Protein tejtermék – őszibarack-narancs (Milbona)	High Protein dairy product – peach-orange (Milbona)
4056489267287	Gyümölcsízű gumicukor-keverék (Lidl)	Fruit-flavoured jelly sweets mix (Lidl)
4056489271314	Multivitamin gyümölcs- és zöldséglé (Solevita)	Multivitamin fruit and vegetable juice (Solevita)
4056489271611	Zselici kefir	Zselic kefir
4056489272304	Kefir 3,5% (Lidl)	Kefir 3.5% (Lidl)
4056489272328	Ömlesztett sajt (Pilos)	Processed cheese (Pilos)
4056489272403	Szőlőcukor pasztilla, natúr (Amanie)	Dextrose tablets, plain (Amanie)
4056489272410	Szőlőcukor pasztilla, citromízű (Amanie)	Dextrose tablets, lemon (Amanie)
4056489272427	Szőlőcukor pasztilla, mentolos (Amanie)	Dextrose tablets, menthol (Amanie)
4056489273264	High Protein karamellpuding (Lidl)	High Protein caramel pudding (Lidl)
4056489273547	6 gabonás müzli Mix & Match (Lidl)	6 cereals Mix & Match muesli (Lidl)
4056489284161	Füstölt sertésvirsli (Pikok)	Smoked pork frankfurters (Pikok)
4056489296805	Bio ropogós gyümölcsmüzli (Crownfield)	Organic crunchy fruit muesli (Crownfield)
4056489300786	Ropogós csokoládés müzli (Crownfield)	Crunchy chocolate muesli (Crownfield)
4056489303930	Roger klasszikus (Sondey)	Roger classic (Sondey)
4056489305453	Tropical szörp-szóda ital (Solevita)	Tropical fruit spritzer (Solevita)
4056489332398	Mozart praliné (J.D. Gross)	Mozart pralines (J.D. Gross)
4056489336136	Bio gyömbér shot (Solevita)	Organic ginger shot (Solevita)
4056489337089	Tejföl 20% (Pilos)	Sour cream 20% (Pilos)
4056489337102	Rögös túró, zsírszegény (Pilos)	Low-fat farmer's quark (Pilos)
4056489337126	Tej ESL 2,8% (Pilos)	Milk ESL 2.8% (Pilos)
4056489337584	Bodzaszörp (Freeway)	Elderflower drink (Freeway)
4056489346074	Jackfruit (Freshona)	Jackfruit (Freshona)
4056489360087	Bécsi roppanós virsli (Pikok)	Crispy Vienna sausages (Pikok)
4056489375197	Csokoládés ropogós fagylalt (Bon Gelati)	Chocolate crisp ice cream (Bon Gelati)
4056489413455	Zabpehely (Crownfield)	Rolled oat flakes (Crownfield)
4056489424918	Mogyoróvaj, darabos (McEnnedy)	Crunchy peanut butter (McEnnedy)
4056489424925	Mogyoróvaj, krémes (Maribel)	Smooth peanut butter (Maribel)
4056489443032	Kövön sütött pizza – sonkás (Trattoria Alfredo)	Stone-baked pizza – ham (Trattoria Alfredo)
4056489450962	Kövön sütött pizza – húsimádó (Trattoria Alfredo)	Stone-baked pizza – meat lovers (Trattoria Alfredo)
4056489451020	Hawaii pizza (Trattoria Alfredo)	Stone-baked Hawaii pizza (Trattoria Alfredo)
4056489456544	Humusz natúr (Chef Select)	Hummus plain (Chef Select)
4056489467953	Epres tejtermék (Lidl)	Strawberry dairy product (Lidl)
4056489483489	Vegán tortelloni húshelyettesítő töltelékkel (Vemondo)	Vegan tortelloni with meat alternative filling (Vemondo)
4056489488101	Spianata piccante szalámi (Italiamo)	Spianata piccante salami (Italiamo)
4056489499480	Tejföl 12% (Pilos)	Sour cream 12% (Pilos)
4056489499916	Tej (Lidl)	Milk (Lidl)
4056489500698	Sárgabarack extradzsem, light (Lidl)	Apricot extra jam, light (Lidl)
4056489500735	Ananászlé (Solevita)	Pineapple juice (Solevita)
4056489528616	Reformköret árpagyönggyel (Campo Largo)	Wholesome vegetable side dish with pearl barley (Campo Largo)
4056489539926	Diavolo pizza (Lidl)	Diavolo pizza (Lidl)
4056489627982	Bécsi virsli (Pikok)	Vienna sausages (Pikok)
4056489637721	Ramen tészta – csirkés (Kania)	Ramen noodles – chicken (Kania)
4056489655985	Csokoládé ízű piskótaalap	Chocolate flavour cake bases
4056489683018	Bacon ízű chips (Snack Day)	Bacon flavour chips (Snack Day)
4056489683025	Vöröshagymás-sajtos hullámos burgonyachips (Snack Day)	Onion & cheese crinkle cut chips (Snack Day)
4056489683070	Vöröshagymás-tejfölös burgonyachips (Snack Day)	Onion and sour cream potato chips (Snack Day)
4056489693338	Bruschetta chips – tejfölös-hagymás (Snack Day)	Bruschetta chips – sour cream and onion (Snack Day)
4056489694458	Csirkés instant leves (Kania)	Chicken instant cup soup (Kania)
4056489725787	Bécsi roppanós virsli sajttal (Pikok)	Crispy Vienna sausages with cheese (Pikok)
4056489745518	High Protein natúr joghurt (Lidl)	High protein plain yogurt (Lidl)
4056489758129	Narancsital (McEnnedy)	Orange drink (McEnnedy)
4056489801788	High Protein puding – vaníliás (Lidl)	High Protein pudding – vanilla (Lidl)
4056489811275	Sertésrudacska sertéscombból (Pikok)	Pork sausage sticks from pork leg (Pikok)
4056489821762	Penne Napoli paradicsomszósszal és szalámival (Chef Select)	Penne Napoli with tomato sauce and salami (Chef Select)
4056489827665	Trappista sajt light (Pilos)	Light Trappist cheese (Pilos)
4056489827740	Saláta mix – Rosso (Chef Select)	Salad mix – Rosso (Chef Select)
4056489827757	Saláta mix – Bianco (Chef Select)	Salad mix – Bianco (Chef Select)
4056489828105	Teljes kiőrlésű kenyér (Tastino)	Wholemeal bread (Tastino)
4056489828112	Vajas toastkenyér (Tastino)	Buttery toast bread (Tastino)
4056489828563	Balance toastkenyér (Tastino)	Balance toast bread (Tastino)
4056489829041	Ömlesztett sajt, natúr (Pilos)	Processed cheese, plain (Pilos)
4056489830054	Csabai szárazkolbász (Pikok Pure)	Csaba dry sausage (Pikok Pure)
4056489917670	Cseresznyevirág ízű joghurtdesszert (Vitasia)	Cherry blossom flavour yogurt dessert (Vitasia)
4056489924234	Almalé 100% (Solevita)	Apple juice 100% (Solevita)
4056489924258	Narancslé 100% töménylevesből (Solevita)	Orange juice 100% from concentrate (Solevita)
4056489962991	Guacamole paradicsommal és fűszerekkel (Chef Select)	Guacamole with tomato and spices (Chef Select)
4056489966494	Tonik ízű szénsavas üdítő (Freeway)	Tonic water (Freeway)
4056489967729	Gyömbérsör (Freeway)	Ginger ale (Freeway)
4058172307348	Kukoricapehely (dmBio)	Corn flakes (dmBio)
4061458015080	Frucht-Junior – eper-cseresznye (Aldi)	Frucht-Junior – strawberry-cherry (Aldi)
4061458016056	Marhasonka (Böklunder)	Beef ham (Böklunder)
4061458026666	Lyoni húsos saláta (Aldi)	Meat salad with Lyoner (Aldi)
4061458269292	Sütőben süthető sajt (Aldi)	Oven-baking cheese (Aldi)
4061459206333	Almalé 100% (Rio d'Oro)	Apple juice 100% (Rio d'Oro)
4061459314489	Vegán fagylalt (Grandessa)	Vegan ice cream (Grandessa)
4061459413878	Zabszelet – gránátalmás (Happy Harvest)	Oat bar – pomegranate (Happy Harvest)
4061459443943	Csirkés-zöldséges tészta (Primana)	Pasta with chicken and vegetables (Primana)
4061459446586	XXL hamburger zsemle (American)	XXL hamburger buns (American)
4061459447163	Teasütemény (Finest Bakery)	Tea biscuits (Finest Bakery)
4061459507263	Grana Padano (Cucina Nobile)	Grana Padano (Cucina Nobile)
4061459512533	Csokilencse (American)	Chocolate lentils (American)
4061459606812	Teljes kiőrlésű toastkenyér (Happy Harvest)	Wholegrain toast bread (Happy Harvest)
4061459642049	Kaukázusi kefir (Milsani)	Caucasian kefir (Milsani)
4061459642148	Natúr joghurt 0,1% (Milsani)	Plain yogurt 0.1% (Milsani)
4061459707304	Viaszos borjúmájas, natúr (Aldi)	Veal liver sausage, plain (Aldi)
4061459730616	Lencsechips füstölt sajt ízű (Snack Fun)	Lentil chips smoked cheese flavour (Snack Fun)
4061459737783	Görög módra készült zsíros joghurt (Aldi)	Greek-style full-fat yogurt (Aldi)
4061459743111	Főtt füstölt sertés combsonka (The Deli)	Cooked smoked pork leg ham (The Deli)
4061459753127	Csemegeszalámi (Aldi)	Delicatessen salami (Aldi)
4061459754773	High Protein joghurt – eper (Milsani)	High Protein yogurt – strawberry (Milsani)
4061459769890	Koktél frankfurti sertésvirsli (Aldi)	Cocktail Frankfurter pork sausages (Aldi)
4061459803105	Szendvics ostya (Finest Bakery)	Sandwich wafers (Finest Bakery)
4061459811506	Honey Wheat (Golden Bridge)	Honey Wheat cereal (Golden Bridge)
4061459941517	Szicíliai sonka (The Deli)	Sicilian-style ham (The Deli)
4061459941579	Római sonka	Roman-style ham
4061459995602	Edami sajt (Milsani)	Edam cheese (Milsani)
4061461078126	Csirkemellsonka (Aldi)	Chicken breast ham (Aldi)
4061461518684	Cheddar sajt	Cheddar cheese
4061461520618	Almás gyümölcsital – Apfelschorle (Rio d'Oro)	Apple spritzer – Apfelschorle (Rio d'Oro)
4061461531003	Prémium müzli – gyümölcsös-mogyorós (Golden Bridge)	Premium muesli – fruits and nuts (Golden Bridge)
4061461586560	Gugelhupf – csokoládés-narancsos (Finest Bakery)	Gugelhupf – chocolate-orange (Finest Bakery)
4061461606886	Savanyú káposzta (Nature's Gold)	Sauerkraut (Nature's Gold)
4061461609283	Smoothie XXL – alma, kiwi, lime (Good Choice)	Smoothie XXL – apple, kiwi, lime (Good Choice)
4061461729431	Bio mandulakrém (Natur aktiv)	Organic almond butter (Natur aktiv)
4061462322310	Rizskása (Golden Bridge)	Rice porridge (Golden Bridge)
4061462499272	100%-os rostos narancslé (Good Choice)	100% orange juice with pulp (Good Choice)
4061462508868	Mentás rágógumi (Aldi)	Mint chewing gum (Aldi)
4061462582868	Feta sajt D.O.P. (Lyttos)	Feta cheese PDO (Lyttos)
4061462615481	Skyr natúr (Milsani)	Plain skyr (Milsani)
4061462625589	Ropogós gyümölcsmüzli (Happy Harvest)	Crunchy fruit muesli (Happy Harvest)
4061462799082	Crotone salátamix (Aldi)	Crotone salad mix (Aldi)
4061463018830	Chinois (Aldi)	Chinois pastry (Aldi)
4061463097071	Füstölt parenyica (Milsani)	Smoked parenica cheese (Milsani)
4061463331397	Bio csirkés tésztaleves	Organic chicken noodle stew
4061463380098	Búza mini bagett (Happy Harvest)	Wheat mini baguettes (Happy Harvest)
4061464007536	Csokoládémousse – meggy-chili (Moser Roth)	Chocolate mousse – cherry chili (Moser Roth)
4061464024540	Praliné tejcsokoládé	Milk praline chocolate
4061464056183	Multivitamin gyümölcslé (Rio d'Oro)	Multivitamin juice (Rio d'Oro)
4061464268623	Füstölt sonka válogatás (Gourmet Finest Cuisine)	Speck selection smoked ham (Gourmet Finest Cuisine)
4061464280267	Teavaj (Milfina)	Tea butter (Milfina)
4061464307759	Holland gouda, fiatal (Hofer)	Young Dutch Gouda (Hofer)
4062432000122	Ropogós golyók (Ehrmann)	Crispy balls (Ehrmann)
4062432001709	Marcipánszelet (Zentis)	Marzipan bar (Zentis)
4063367056895	Töltött cukorka – erdei gyümölcs-acerola (K-Classic)	Filled sweets – forest berry-acerola (K-Classic)
4063500853589	Árpád szalámi sajtkabátban (Zimbo)	Árpád salami in cheese coating (Zimbo)
4063800172793	Tejcsokoládé rudak (Spar)	Milk chocolate sticks (Spar)
4066447422825	Bogyós ropogós zabpehely (dmBio)	Berry oat crunchy (dmBio)
4066447524413	Bio csokoládés müzli (dm)	Organic chocolate muesli (dm)
4066447524772	Gyümölcsmüzli (dmBio)	Fruit muesli (dmBio)
4066447607581	Bogyós müzli (dmBio)	Berry muesli (dmBio)
4066447749878	Pörkölt mandula (dmBio)	Roasted almonds (dmBio)
4067517001131	Gyümölcsös joghurt – málna (Landliebe)	Fruit-bottom yogurt – raspberry (Landliebe)
4067796000221	Kókuszos-mandulás granola (dmBio)	Coconut almond granola (dmBio)
4067796000245	Tönkölyös ropogós müzli (dmBio)	Spelt crunchy muesli (dmBio)
4067796066760	Paleo müzli (dmBio)	Paleo muesli (dmBio)
4069366298793	Grillezett csirkemell (Sonnhof)	Grilled chicken breast (Sonnhof)
40822938	Fanta 0,5 l	Fanta 500 ml
40858029	Riso – tejcsokoládés rizs (Müller)	Riso – rice & milk chocolate (Müller)
40858210	Riso – fahéjas tejberizs (Müller)	Riso – rice & milk cinnamon (Müller)
40858227	Riso – epres tejberizs (Müller)	Riso – strawberry (Müller)
40875125	Bourbon vaníliás tejjégkrém (Bon Gelati)	Bourbon vanilla ice cream (Bon Gelati)
40875583	Buborékos tejcsokoládé (Fin Carré)	Bubble milk chocolate (Fin Carré)
4088500661385	Vaj (Aldi)	Butter (Aldi)
4099200008684	Zsemlemorzsa (Happy Harvest)	Breadcrumbs (Happy Harvest)
4099200009858	Bio ropogós kenyér (Aldi)	Organic crispbread (Aldi)
4099200009902	Sárgarépás kenyér (New Lifestyle)	Carrot bread (New Lifestyle)
4099200009964	Tönkölyös teljes kiőrlésű rozskenyér	Wholegrain rye bread with spelt
4099200014227	Joghurt (Bio natura)	Yogurt (Bio natura)
4099200015828	Grissini szezámmal (Cucina Nobile)	Sesame grissini (Cucina Nobile)
4099200017150	Paprika ízű burgonyasnack (Snack Fun)	Paprika flavour potato snack (Snack Fun)
4099200017211	Narancslé (Pure Fruits)	Orange juice (Pure Fruits)
4099200018713	Csavart rudak (Snack Fun)	Twisted sticks (Snack Fun)
4099200018898	Cottage cheese natúr, zsírszegény (Milfina)	Cottage cheese plain, low fat (Milfina)
4099200019734	Grana Padano (Agriform)	Grana Padano (Agriform)
4099200023984	Narancsos marcipán (Choceur)	Orange marzipan (Choceur)
4099200024004	Marcipán (Choceur)	Marzipan (Choceur)
4099200024721	Mozzarella (Aldi)	Mozzarella (Aldi)
4099200025506	Narancslé (Pure Fruits)	Orange juice (Pure Fruits)
4099200025513	Narancslé (Pure Fruits)	Orange juice (Pure Fruits)
4099200026671	Palazzo étcsokoládés (Finest Bakery)	Palazzo dark chocolate (Finest Bakery)
4099200026701	Palazzo (Finest Bakery)	Palazzo (Finest Bakery)
4099200028019	Kenhető vaj, sózatlan (Milfina)	Spreadable butter, unsalted (Milfina)
4099200034164	Fokhagymás sajtkrém (Milfina)	Garlic cheese spread (Milfina)
4099200034966	Gyümölcsös müzli (Happy Harvest)	Fruit muesli (Happy Harvest)
4099200034980	Teljes kiőrlésű müzli (Happy Harvest)	Wholegrain muesli (Happy Harvest)
4099200035017	Ropogós müzli háromféle csokoládéval (Happy Harvest)	Crunchy muesli with three chocolates (Happy Harvest)
4099200039060	Alpesi szelet	Alpine slice
4099200039077	Parasztszalámi (Aldi)	Farmer's salami (Aldi)
4099200040721	Csemegesonka, natúr (Aldi)	Delicatessen ham, plain (Aldi)
4099200042671	Sonka fűszeres tormával (Landhof)	Ham with spicy horseradish (Landhof)
4099200044118	Prémium sertés combsonka (Ponnath)	Premium pork leg ham (Ponnath)
4099200044170	Sertésmájas, finoman aprított (Ponnath)	Finely minced pork liver pâté (Ponnath)
4099200045450	Enyhe mentás cukorka (Mingles)	Mild mint sweets (Mingles)
4099200050126	Szezámos bagel (Taste of America)	Sesame bagel (Taste of America)
4099200052410	Durum wrap tortilla	Durum wraps
4099200055015	Fagottini paradicsommal és fokhagymával (Aldi)	Fagottini with tomato and garlic (Aldi)
4099200055824	Sárgabarackos fagylalt (Grandessa)	Apricot ice cream (Grandessa)
4099200058030	Cappelletti sonkás tészta (Pasta Nobile)	Ham cappelletti pasta (Pasta Nobile)
4099200059037	Zabpehely (Happy Harvest)	Rolled oats (Happy Harvest)
4099200063560	Étcsokoládé 70% (Moser Roth)	Dark chocolate 70% cocoa (Moser Roth)
4099200064918	Joghurt (Milfina)	Yogurt (Milfina)
4099200066899	Mézeskalács (Aldi)	Lebkuchen gingerbread (Aldi)
4099200074603	Vajas keksz sárgabarackkal (Enjoy Free)	Butter biscuits with apricot (Enjoy Free)
4099200083827	Fűszeres mandula (Monarc)	Spiced almonds (Monarc)
4099200097657	Grand Passion joghurt (Milfina)	Grand Passion yogurt (Milfina)
4099200098159	Krémes tehéntúró, zsírszegény (BMI)	Creamy cow's milk quark, low fat (BMI)
4099200160887	Eper-vörösáfonya lekvár (Gourmet)	Strawberry-cranberry jam (Gourmet)
4099200167213	Humusz, natúr (CABA)	Hummus, plain (CABA)
4099200167220	Humusz, pikáns (CABA)	Hummus, spicy (CABA)
4099200167640	Citromlé (Bella)	Lemon juice (Bella)
4099200171432	Ostyaszív (Aldi)	Wafer hearts (Aldi)
4099200172057	Bio gyümölcspüré snack (Natur aktiv)	Organic fruit purée snack (Natur aktiv)
4099200172071	Gyümölcs snack – alma, barack, banán, sárgabarack (Natur aktiv)	Fruit snack – apple, peach, banana, apricot (Natur aktiv)
4099200177168	Holland gouda (Milfina)	Dutch Gouda (Milfina)
4099200182902	Ropogós granola falatok – áfonya (Aldi)	Crunchy granola bites – blueberry (Aldi)
4099200197074	Bio vital kenyérkrém (Natur aktiv)	Organic vital bread spread (Natur aktiv)
4099200198859	Borsos szalámi, szeletelt (Franz Krainer)	Peppered salami slices (Franz Krainer)
4099200202037	Görög joghurt, natúr (Milfina)	Greek yogurt, plain (Milfina)
4099200212913	Nemespenészes lágy sajt sonkába tekerve	Mould-ripened soft cheese wrapped in ham
4099200215389	Lucky Crisp (Happy Harvest)	Lucky Crisp cereal (Happy Harvest)
4099200229034	Tortelloni húsos (Good Choice)	Meat tortelloni (Good Choice)
4099200232171	Feta (Lyttos)	Feta (Lyttos)
4099200236018	Ropogós gyümölcsmüzli (Happy Harvest)	Crunchy fruit mix muesli (Happy Harvest)
4099200243870	Tortelloni paradicsommal és mozzarellával (Cucina)	Tortelloni with tomato and mozzarella (Cucina)
4099200246802	Feta (Aldi)	Feta (Aldi)
4099200247601	Bio mogyorós-nugátkrém (Natur aktiv)	Organic nut-nougat cream (Natur aktiv)
4099200250755	Grana Padano (Cucina Nobile)	Grana Padano (Cucina Nobile)
4099200252421	Instant tészta (Aldi)	Instant noodles (Aldi)
4099200253657	Trüffel és praliné (Aldi)	Truffles & pralines (Aldi)
4099200256801	Mogyoróvaj (American)	Peanut butter (American)
4099200700250	Édesburgonya chips (Aldi)	Sweet potato chips (Aldi)
4099200700311	Tejcsokoládé	Milk chocolate
4099200701080	Csirkemellsonka (Aldi)	Chicken breast ham (Aldi)
4099200701448	Sertésvirsli (Aldi)	Pork frankfurters (Aldi)
4099200703183	Csemege vastagkolbász (Privát Hús)	Delicatessen thick sausage (Privát Hús)
4099200703558	Tejkaramellás fondan szaloncukor étcsokoládéban (Aldi)	Milk caramel fondant Christmas candy in dark chocolate (Aldi)
4099200704623	Kekszes joghurt (Milsani)	Biscuit yogurt (Milsani)
4099200704807	Somlói galuska / Feketeerdő desszert (Aldi)	Somló sponge cake / Black Forest dessert (Aldi)
4099200705446	UHT tej 2,8% (Milsani)	UHT milk 2.8% (Milsani)
4099200851945	Mozzarella di Bufala Campana D.O.P.	Mozzarella di Bufala Campana PDO
4099200855516	Frollini keksz rizslisztből és tejjel (Aldi)	Frollini biscuits with rice flour and milk (Aldi)
4099200856711	Frollini csokoládédarabokkal (BuonOra)	Frollini with chocolate chips (BuonOra)
4101430278024	Striegistaler Zwerge sajt	Striegistaler Zwerge cheese
42070351	Orbit eper rágógumi	Orbit strawberry chewing gum
42244035	Riso – vaníliás tejberizs (Müller)	Riso – vanilla (Müller)
42247371	Orbit bubblemint cukormentes rágógumi	Orbit bubblemint sugar-free chewing gum
42274377	Riso – pisztáciás tejberizs (Müller)	Riso – pistachio (Müller)
42315469	Zero tejberizs – eper (Müller)	Zero rice pudding – strawberry (Müller)
42374695	Riso Zero (Müller)	Riso Zero (Müller)
42419068	Riso Protein – vaníliás (Müller)	Riso Protein – vanilla (Müller)
42419075	Riso Vegan – csokoládé ízű (Müller)	Riso Vegan – chocolate (Müller)
4260042078306	Frutti Spray (Cool)	Frutti Spray (Cool)
4260183211334	Tiszta kókuszvíz (Aquaverde)	Pure coconut juice (Aquaverde)
4304493257054	Tonik ízű üdítő (Freeway)	Tonic water (Freeway)
4304493261808	Narancslé (Solevita)	Orange juice (Solevita)
4304493266292	Citromlé töménylevesből (Solevita)	Lemon juice from concentrate (Solevita)
4304493266490	Narancslé (Solevita)	Orange juice (Solevita)
4304493270039	Narancslé gyümölcshús nélkül (Solevita)	Orange juice without pulp (Solevita)
4304493270114	Préselt almalé (Solevita)	Pressed apple juice (Solevita)
4305615678771	Superfood szelet kakaóval és kakaóbabbal (Rossmann)	Superfood bar with cocoa and cocoa beans (Rossmann)
4305615847603	Lencseszelet tengeri sóval (enerBIO)	Lentil wafers with sea salt (enerBIO)
4311501641248	Baromfiszalámi (Gut & Günstig)	Poultry salami (Gut & Günstig)
4316268671347	Pulykamell vékony szeletek (Hofmaier)	Thin-sliced turkey breast (Hofmaier)
4335619009172	Citromlé töménylevesből (Solevita)	Lemon juice from concentrate (Solevita)
4335619009264	Zavaros almalé (Solevita)	Cloudy apple juice (Solevita)
4335619009318	Narancslé gyümölcshússal (Solevita)	Orange juice with pulp (Solevita)
4335619031616	Vaníliás párnák – gabonapehely (Crownfield)	Vanilla flavoured cereal pillows (Crownfield)
4335619088597	Görög joghurt, élőflórás (Pilos)	Greek yogurt, live culture (Pilos)
4335619150737	Hozzáadott cukor nélküli fagylalt – csokoládé (Gelatelli)	No sugar added ice cream – chocolate (Gelatelli)
4335619266377	Almás-mangós gyümölcslé (Solevita)	Apple & mango juice (Solevita)
4335619269538	Görög joghurt (Pilos)	Greek yogurt (Pilos)
4335619281226	Reszelt trappista sajt (Milbona)	Grated Trappist cheese (Milbona)
4335619343863	Csokoládés ropogós fagylalt (Bon Gelati)	Chocolate crisp ice cream (Bon Gelati)
4337185410383	Szalámi (K-Classic)	Salami (K-Classic)
4337185458927	Reszelt Parmigiano Reggiano D.O.P. (K-Favourites)	Grated Parmigiano Reggiano PDO (K-Favourites)
4337185531873	Sovány joghurt 0,1% (K-Classic)	Skimmed milk yogurt 0.1% (K-Classic)
4337185828201	Bio kenyérkrém – paradicsom-bazsalikom (K-take it veggie)	Organic bread spread – tomato basil (K-take it veggie)
4337185886065	Ropogós gyümölcsmüzli (K-Classic)	Crunchy fruit muesli (K-Classic)
4337256151726	Zöldfűszeres szendvicskrém (Milkeria)	Herb sandwich spread (Milkeria)
4337256223287	Pizza quattro formaggi (San Fabio)	Quattro formaggi pizza (San Fabio)
4337256273954	Növényi vegán lasagne (Food for Future)	Plant-based vegan lasagne (Food for Future)
4337256274777	Cottage cheese (Milkeria)	Cottage cheese (Milkeria)
4337256545082	Pizza prosciutto (San Fabio)	Prosciutto pizza (San Fabio)
4337256550758	Erdei gyümölcs fagylalt (Eisbär)	Forest fruit ice cream (Eisbär)
4337256570596	Fiatal gouda (Milkeria)	Young Gouda (Milkeria)
4337256667692	Prosciutto (Selection)	Prosciutto (Selection)
4337256685542	Pizza margherita (San Fabio)	Margherita pizza (San Fabio)
4337256745635	Ropogós müzli eperrel (Penny)	Crunchy strawberry muesli (Penny)
4337256778817	Vaníliás ostyatekercs (Cafe Time)	Vanilla wafer rolls (Cafe Time)
4337256786652	Cottage cheese snidlinggel (Milkeria)	Cottage cheese with chives (Milkeria)
4337256825405	Amerikai stílusú cookie, klasszikus (Café Time)	American style cookies, classic (Café Time)
4337256898799	High Protein puding – kakaós (Wellgood)	High Protein pudding – cocoa (Wellgood)
4388441355993	Apró zabpehely (Penny)	Fine rolled oat flakes (Penny)
4388860223361	Gorgonzola D.O.P. dolce (San Fabio)	Gorgonzola PDO dolce (San Fabio)
4388860237597	Multivitamin gyümölcslé (Purissima)	Multivitamin juice (Purissima)
4388860556100	Vegyes gyümölcsnektár (Penny)	Mixed fruit nectar (Penny)
4388860683622	Cocta	Cocta
4601512005291	Narancslé gyümölcshússal (J7)	Orange juice with pulp (J7)
4606068303013	Narancslé 100% (Lenta)	Orange juice 100% (Lenta)
4607057273904	Csokoládés vanília fagylalt	Chocolate plombir ice cream
4607111037008	Növényi csebureki (Foodgital)	Plant-based chebureki (Foodgital)
4607934470761	Madártej szelet (Cseremuska)	Bird's milk chocolate candy (Cheremushki)
4714221131219	Japán taro mochi (Bamboo House)	Japanese-style taro mochi (Bamboo House)
4750010000366	Sült sprotni növényi olajban (Diplomats)	Fried sprats in vegetable oil (Diplomats)
4751019530816	LoveThin+ (Graci)	LoveThin+ (Graci)
4770179182826	Pergale trüffel, eredeti	Pergale truffles, original
4770190038430	Szurimi rudak (Viči)	Surimi sticks (Viči)
4771218201935	Ropogós kenyér sajttal, paradicsommal és bazsalikommal (Danvita)	Crisp bread with cheese, tomato & basil (Danvita)
4779039730269	Cékla almalében (Auga)	Beetroot in apple juice (Auga)
4779039730351	Sült bab (Auga)	Baked beans (Auga)
4779039730382	Chilis bab (Auga)	Chilli beans (Auga)
4820048617376	Marhahúsleves (Maggi)	Beef soup (Maggi)
4820048617390	Zacskós leves (Maggi)	Instant soup sachet (Maggi)
4823077621000	Shooters cukorka (Roshen)	Shooters sweets (Roshen)
4823077630392	Tidbit – tejcsokoládé mogyoróval, karamellel és nugáttal (Roshen)	Tidbit – milk chocolate with peanuts, caramel and nougat (Roshen)
4823077634222	Lovita zselés keksz (Roshen)	Lovita jelly cookies (Roshen)
4823077639906	Étcsokoládé ananász ízű krémmel (Tibi)	Dark chocolate with pineapple cream (Tibi)
4823077641244	Bonbonetti szaloncukor	Bonbonetti Christmas candy
4992825398454	Paleo szezámos orsótészta (Healthy Gourmet)	Paleo sesame spiral pasta (Healthy Gourmet)
4998304054742	Babgulyás kolbásszal (Szegedi Paprika)	Bean goulash with sausage (Szegedi Paprika)
4999724136590	Bükkfával füstölt baconszalonna (Privát Hús)	Beechwood-smoked bacon (Privát Hús)
5000112682465	Fuze Tea – őszibarack-rózsa	Fuze Tea – peach rose
5000112684889	Coca-Cola lime	Coca-Cola lime
5000159407236	Mars	Mars
5000159459228	Twix Twin	Twix Twin
5000159461122	Snickers	Snickers
5000159500258	Celebrations (Mars)	Celebrations (Mars)
5000159544559	Snickers white	Snickers white
50173822	Orbit spearmint rágógumi	Orbit spearmint chewing gum
5032722312241	Zabkása zabpehely (Amisa)	Pure porridge oats (Amisa)
5034444101318	Óriás zabszelet – málnás (Giant)	Giant bar – raspberry (Giant)
5051007063647	Mandula tejcsokoládéban (Tesco)	Almonds in milk chocolate (Tesco)
5051007081085	Pástétom csirkemájjal és fokhagymával (Tesco)	Pâté with chicken liver and garlic (Tesco)
5051007081122	Pástétom sertésmájjal és sertéshússal (Tesco)	Pâté with pork liver and pork (Tesco)
5051007081153	Pástétom paradicsommal és csirkemájjal (Tesco)	Pâté with tomato and chicken liver (Tesco)
5051007081160	Csirkemájpástétom (Tesco)	Chicken liver pâté (Tesco)
5051007092067	Fehér csokoládé tejcsokoládé drazséval (Tesco)	White chocolate with milk chocolate dragées (Tesco)
5051007092081	Tejcsokoládé mogyoróval (Tesco)	Milk chocolate with hazelnuts (Tesco)
5051007092326	Happy Bears gumicukor (Tesco)	Happy Bears gummy sweets (Tesco)
5051007093514	Savanyú gumicukor férgek (Tesco)	Sour worms (Tesco)
5051007100007	Toastkenyér (Tesco)	Toast bread (Tesco)
5051007106108	Füst ízű trappista sajt (Tesco)	Smoke-flavoured Trappist cheese (Tesco)
5051007108263	Ropogós müzli (Tesco)	Crunchy muesli (Tesco)
5051007108423	Ropogós csokis pehely (Tesco)	Crispy flakes with chocolate (Tesco)
5051007108461	Kukoricapehely (Tesco)	Corn flakes (Tesco)
5051007108492	Müzli gyümölccsel, magvakkal (Stockwell)	Muesli with fruits, nuts & seeds (Stockwell)
5051007117449	Sajtos instant leves (Tesco)	Cheese cup soup (Tesco)
5051007118187	UHT tej 2,8% (Tesco)	UHT milk 2.8% (Tesco)
5051007128315	Natúr ömlesztett sajt (Tesco)	Plain processed cheese (Tesco)
5051007129589	Gyulai kolbász (Tesco)	Gyula sausage (Tesco)
5051007130127	Epres joghurt (Tesco)	Strawberry yogurt (Tesco)
5051007130134	Erdei gyümölcsös joghurt (Tesco)	Forest fruit yogurt (Tesco)
5051007131964	Sült bab paradicsomszószban (Tesco)	Baked beans in tomato sauce (Tesco)
5051007138710	Laktózmentes görög joghurt, natúr (Tesco)	Lactose-free Greek yogurt, plain (Tesco)
5051007139533	100%-os almalé (Tesco)	100% apple juice (Tesco)
5051007142106	Főtt sonka (Tesco)	Cooked ham (Tesco)
5051007143325	Téliszalámi (Tesco)	Winter salami (Tesco)
5051007144124	Svájci étcsokoládé 85% (Tesco Finest)	Swiss dark chocolate 85% (Tesco Finest)
5051007145237	Fehér csokoládé (Tesco)	White chocolate (Tesco)
5051007145640	Sajt ízű tortilla chips (Tesco)	Cheese flavoured tortilla chips (Tesco)
5051007146265	Tej 1,5% ESL (Tesco)	Milk 1.5% ESL (Tesco)
5051007151047	Húsmentes csirke jellegű falatok (Plant Chef)	Meat-free chicken style pieces (Plant Chef)
5051007152730	Húsmentes bolognai spagetti (Plant Chef)	Meat-free Bolognese spaghetti (Plant Chef)
5051007152747	Chili sin carne (Plant Chef)	Chilli sin carne (Plant Chef)
5051007155243	Alkoholos meggybonbon (Charlotte)	Cherry in alcohol chocolates (Charlotte)
5051007155588	Epres müzli (Tesco)	Strawberry muesli (Tesco)
5051007162616	Fahéjas gabonapárna (Tesco)	Cinnamon cereal squares (Tesco)
5051007165266	Ropogós kukoricapehely (Tesco)	Toasty & crispy cornflakes (Tesco)
5051701058789	Vastag tésztás pizza sonkával, gombával és lilahagymával (Tesco)	Deep pan pizza with ham, mozzarella, mushroom and red onion (Tesco)
5053990101573	Pringles original	Pringles original
5053990101597	Pringles – tejfölös-hagymás	Pringles – sour cream & onion
5053990106981	Pringles – sajtos	Pringles – cheesy cheese
5054070481264	Humusz (Asda)	Hummus (Asda)
5056784917312	Monster Energy Zero Sugar	Monster Energy Zero Sugar
5057753395575	Gluténmentes cookie & cream keksz (Tesco)	Free from cookies & cream biscuits (Tesco)
5059944687476	Falafel és tészta (Plant Chef)	Falafel & pasta (Plant Chef)
5059944688596	Füstölt főtt sertés húskészítmény – virsli (Tesco)	Smoked cooked pork sausage – frankfurter (Tesco)
5059944692562	Puha kókusz csokoládéban, vegyes (Tesco)	Soft coconut in chocolate mix (Tesco)
5060042640515	Tengeri sós paszternák-, cékla- és sárgarépachips (Tyrrell's)	Sea salted parsnip, beetroot and carrot crisps (Tyrrell's)
5060057801192	Gravity rágógumi	Gravity chewing gum
5060309490044	Cukormentes csokoládés-mogyorós krém (Diablo)	No added sugar chocolate hazelnut spread (Diablo)
5060309490112	Cukormentes tejcsokoládés ostya (Diablo)	Sugar-free milk chocolate wafers (Diablo)
5060309490488	Cukormentes mogyorós-fehércsokoládés krém (Diablo)	No added sugar hazelnut & white chocolate spread (Diablo)
5060391621401	Cadbury karamellkrém	Cadbury caramel spread
5060561603138	Sós perec zabtejes csokoládé (H!P)	Salted pretzel oat milk chocolate (H!P)
5060947548602	Monster – ausztrál limonádé	Monster – Aussie lemonade
5061013945837	Monster Energy Rehab – tea és limonádé	Monster Energy Rehab – tea + lemonade
5061013946001	Monster Energy energiaital	Monster Energy drink
5140026428855	Bio rozskenyér	Organic rye bread
5201360639205	Fokhagymás pirítós (7 Days)	Garlic bake rolls (7 Days)
5201704054183	Feta (Kolios)	Feta (Kolios)
5277493318058	Kukoricapehely (Kellogg's)	Corn flakes (Kellogg's)
5400101166349	Borsóleves szalonnával (Carrefour)	Pea soup with bacon (Carrefour)
5400101173699	Fehérbab paradicsomszószban (Carrefour)	White beans in tomato sauce (Carrefour)
5400111145600	Paradicsomleves húsgombóccal (Delhaize)	Tomato soup with meatballs (Delhaize)
54026131	Ice Fruit multivitamin (Cappy)	Ice Fruit multivitamin (Cappy)
54026193	Coca-Cola	Coca-Cola
54088191	Kinder Surprise	Kinder Surprise
5410041435702	TUC original	TUC original crackers
5410363000626	Rózsaszín lazac (Impérial)	Pink salmon (Impérial)
5410603017117	Vaj	Butter
5410673007308	Basmati rizs főzőtasakos (Ben's Original)	Basmati rice boil-in-bag (Ben's Original)
5411188131458	Alpro kókuszos-vaníliás növényi desszert	Alpro coconut plant-based dessert
5411188134985	Alpro Not Milk	Alpro Not Milk
5412514932022	Tortilla wrap (Poco Loco)	Tortilla wraps (Poco Loco)
5412860005579	Étcsokoládé áfonyával (Balance)	Dark chocolate with blueberries (Balance)
5413548280189	Kinder Schoko-Bons	Kinder Schoko-Bons
5425021935011	Trüffel, eredeti (Deli Truff)	Original truffles (Deli Truff)
5449000000286	Coca-Cola	Coca-Cola
5449000025173	Coca-Cola kevesebb cukorral	Coca-Cola Less Sugar
5449000054227	Coca-Cola eredeti íz	Coca-Cola original taste
5449000061768	Coca-Cola Zero	Coca-Cola Zero Sugar
5449000097750	Cappy multivitamin gyümölcslé	Cappy multivitamin juice
5449000119056	Fanta Shokata	Fanta Shokata
5449000130389	Coca-Cola	Coca-Cola
5449000131836	Coca-Cola Zero 0,5 l	Coca-Cola Zero 500 ml
5449000132499	Fanta narancs 1,75 l	Fanta Orange 1.75 l
5449000132505	Sprite 1,75 l	Sprite 1.75 l
5449000133328	Coca-Cola Zero	Coca-Cola Zero Sugar
5449000146748	Cappy őszibarackital	Cappy peach drink
5449000197092	Cherry Coke	Cherry Coke
5449000200945	Cappy narancslé 100% 1 l	Cappy orange juice 100% 1 l
5449000214799	Coca-Cola Zero	Coca-Cola Zero
5449000214805	Fanta narancs	Fanta Orange
5449000227553	Coca-Cola Zero – citrom	Coca-Cola Zero Sugar – lemon
5449000282033	Coca-Cola Zero – fahéj	Coca-Cola Zero – cinnamon
5449000302274	Kinley Ginger Ale Zero	Kinley Ginger Ale Zero
54490697	Coca-Cola cseresznye	Coca-Cola cherry
54491472	Coca-Cola 0,5 l	Coca-Cola 500 ml
5711953055874	Fokhagymás friss sajt (Arla)	Garlic fresh cheese (Arla)
5711953190148	Milka csokis tej	Milka chocolate milk
5713388062106	Töltött datolya – karamellás popcorn ízű (True Dates)	Stuffed dates – caramel popcorn flavour (True Dates)
5740900400849	Lurpak enyhén sós vaj	Lurpak slightly salted butter
5740900402133	Lurpak kenhető vaj	Lurpak spreadable butter
5760466986021	Natúr krémsajt (Arla)	Plain cream cheese (Arla)
5900020000972	Kukoricapehely (Nestlé)	Corn flakes (Nestlé)
5900020007001	Cheerios mézes (Nestlé)	Honey Cheerios (Nestlé)
5900020016188	Nesquik Duo (Nestlé)	Nesquik Duo (Nestlé)
5900020016201	Nesquik (Nestlé)	Nesquik (Nestlé)
5900020016225	Chocapic (Nestlé)	Chocapic cereal (Nestlé)
5900020027061	Cini Minis (Nestlé)	Cini Minis (Nestlé)
5900020027467	Chocapic (Nestlé)	Chocapic cereal (Nestlé)
5900020027481	Chocapic (Nestlé)	Chocapic (Nestlé)
5900020027566	Nesquik Mix (Nestlé)	Nesquik Mix (Nestlé)
5900020036766	Cini Minis (Nestlé)	Cini Minis (Nestlé)
5900020037930	Kukoricapehely mézes-diós, gluténmentes (Nestlé)	Corn flakes honey & nut, gluten free (Nestlé)
5900020038555	Kukoricapehely (Nestlé)	Corn flakes (Nestlé)
5900020043191	Kit Kat gabonapehely (Nestlé)	Kit Kat cereal (Nestlé)
5900020043481	Fitness Protein – kakaós, hozzáadott cukor nélkül (Nestlé)	Fitness Protein – cocoa, no added sugar (Nestlé)
5900102013067	Étcsokoládé 70% (Wawel)	Dark chocolate 70% cocoa (Wawel)
5900120016811	Laktózmentes tej 1,5% (Pilos)	Lactose-free milk 1.5% (Pilos)
5900120064898	Gouda sajt (Pilos)	Gouda cheese (Pilos)
5900130015736	Milka ropogós csokoládé	Milka Crunchy chocolate
5900130031996	Kaktusz jégkrém 8+1 (Nestlé)	Kaktus ice lolly 8+1 (Nestlé)
5900130039640	Kaktusz jégkrém (Nestlé)	Kaktus ice lolly (Nestlé)
5900189004491	Toffino Choco (Colian)	Toffino Choco (Colian)
5900189010652	Toffino Choco (Goplana)	Toffino Choco (Goplana)
5900247000786	Bords Eve margarin, enyhén sós	Bords Eve margarine, slightly salted
5900247001196	Margarin olívaolajjal (Bords Eve)	Margarine with olive oil (Bords Eve)
5900259071170	Paprikás burgonyachips (Lay's)	Paprika potato chips (Lay's)
5900259071194	Lay's újhagymás chips	Lay's green onion crisps
5900259096821	Chilis-lime chips (Lay's)	Chilli & lime chips (Lay's)
5900259099358	Lay's újhagymás burgonyachips	Lay's green onion potato chips
5900259099723	Lay's sütőben sült, sós	Lay's oven baked, salted
5900259353276	Cheetos – ketchup ízű	Cheetos – ketchup flavour
5900334002907	100% gyümölcspüré (Topjoy)	100% fruit purée (Topjoy)
5900334003416	Gyümölcs snack – trópusi gyümölcsök (Topjoy)	Fruit snack – tropical fruits (Topjoy)
5900437005157	Giuseppe pizza – szalámis (Dr. Oetker)	Giuseppe pizza – salami (Dr. Oetker)
5900437705125	Feliciana pizza – négysajtos (Dr. Oetker)	Feliciana pizza – quattro formaggi (Dr. Oetker)
5900437705187	Feliciana pizza – sonka és pesto (Dr. Oetker)	Feliciana pizza – prosciutto and pesto (Dr. Oetker)
5900497029728	Pepsi lime	Pepsi lime
5900497280334	Mountain Dew	Mountain Dew
5900497310338	Pepsi cola	Pepsi cola
5900497311014	Pepsi	Pepsi
5900497331012	Mirinda narancs	Mirinda orange
5900585000028	Többmagvas teljes kiőrlésű rozskenyér (Mestemacher)	Multigrain wholegrain rye bread (Mestemacher)
5900617002266	Hagyományos müzli (Sante)	Traditional muesli (Sante)
5900617039811	Protein mogyoróvaj (Go On)	Protein peanut butter (Go On)
5900741600345	Hűtött bolognai lasagne sertéshússal	Chilled Bolognese lasagne with pork
5900921006721	Gabonaszelet – csokoládés (Nestlé Fitness)	Breakfast cereal bar – chocolate (Nestlé Fitness)
5900928002795	Tortilla wrap (Dijo)	Fresh tortilla wraps (Dijo)
5900951247897	M&M's mogyorós	M&M's peanut
5900951310454	Snickers krémes mogyoróvajas	Snickers creamy smooth peanut
5900962040180	Zöldséges gyoza (Konspol)	Vegetable gyoza (Konspol)
5900962081558	Csirkés gyoza (Konspol)	Chicken gyoza (Konspol)
5901067400718	Multivitamin gyümölcslé (Kubu)	Multivitamin juice (Kubu)
5901104005302	Kókusz desszert, natúr (Vemondo)	Coconut dessert, plain (Vemondo)
5901414204686	Zoo vajas keksz (Bahlsen)	Zoo butter biscuits (Bahlsen)
5901537003142	Mélyhűtött pizza sonkával és gombával (MaxTop)	Frozen pizza with ham and mushrooms (MaxTop)
5901882120198	Pho leves (Vifon)	Pho soup (Vifon)
5902050006696	Csokoládéfagylalt étcsokoládéval (Atlant)	Chocolate ice cream with dark chocolate (Atlant)
5902121000165	Tejszínes jégkrém csokoládéban (Grand)	Cream ice cream in chocolate (Grand)
5902121024987	Panna cotta (Grand)	Panna cotta (Grand)
5902162113336	Sertéssonkás pizza, sütött tésztán (Iglotex)	Pork ham pizza on baked base (Iglotex)
5902162119338	Hawaii pizza (Iglotex)	Hawaiian pizza (Iglotex)
5902431270395	Cheddar, ír, vörös (Dublin Dairy)	Irish red cheddar (Dublin Dairy)
5902884463177	Granola – háromféle csokoládéval	Granola – three chocolates
5902884465881	Gyümölcsös granola (One Day More)	Fruit granola (One Day More)
5903240806003	Ír vaj (Greeners)	Irish butter (Greeners)
5904031091424	Karamellás szelet földimogyoróval tejcsokoládéban (Łużyckie)	Caramel bar with peanuts in milk chocolate (Łużyckie)
5904215132356	Étcsokoládé (Auchan)	Dark chocolate (Auchan)
5904215135265	Paradicsomlé (Auchan)	Tomato juice (Auchan)
5904358566612	Tejcsokoládé mogyoróval és mazsolával (Milano)	Milk chocolate with peanuts & raisins (Milano)
5904686546065	Vegán gumicukor (3topole)	Vegan gummy sweets (3topole)
5904716013536	Félzsíros, félkemény gouda sajt, szeletelt (Pilos)	Semi-hard, semi-fat sliced Gouda (Pilos)
5904730983570	Cannabis cola (Vitamizu)	Cannabis cola (Vitamizu)
5906040063553	Jogobella müzlis joghurt	Jogobella muesli yogurt
5906207016774	Natúr camembert (CBA)	Plain camembert (CBA)
5906207687325	Camembert	Camembert
5906660202776	Müzli gyümölccsel és magvakkal (Hello Day!)	Muesli with fruit & nuts (Hello Day!)
5906747310820	Meggyes piskótatallér (Győri)	Sour cherry sponge rounds (Győri)
5906747317225	Zabfalatok (Győri)	Oat bites (Győri)
5906827016611	Crispy lapkenyér napraforgóval, szezámmal, lenmaggal, tönkölyből (Melvit)	Crispy spelt flatbread with sunflower, sesame and flax seeds (Melvit)
5907070001010	Family kékpenészes sajt háromszög (Lazur)	Family blue cheese triangle (Lazur)
5907627470306	Vaj 82%, sózatlan (Dublin Dairy)	Butter 82%, unsalted (Dublin Dairy)
5940541216490	Body Pro kollagén (Viwa)	Body Pro collagen drink (Viwa)
5941000025608	Barbecue burgonyachips (Lay's)	Barbecue potato chips (Lay's)
5941000025615	Sajt ízű burgonyachips (Lay's)	Cheese flavour potato chips (Lay's)
5941017012332	Balaton szelet – kókuszos (Nestlé)	Balaton bar – coconut (Nestlé)
5941021005832	Dió csokoládé (Heidi)	Walnut chocolate (Heidi)
5941021016074	Mézeskalács csokoládé (Heidi)	Gingerbread chocolate (Heidi)
5941021016098	Heidi Winter csokoládé	Heidi Winter chocolate
5941021022563	Étcsokoládé eszpresszóval (Heidi)	Dark chocolate & espresso (Heidi)
5941355005324	Burduf sajt (Rarăul)	Burduf cheese (Rarăul)
5941355017068	Zuzu joghurt – natúr (Albalact)	Zuzu yogurt – plain (Albalact)
5941393011820	Vegetáriánus pástétom paprikával (Hamé)	Vegetarian pâté with paprika (Hamé)
5941445674522	Delight chips, hagymás (Chio)	Delight chips, onion (Chio)
5941445676090	Sajtfondü ízű snack (Chio)	Cheese fondue snack (Chio)
5941876800828	Székely gombás ízű ömlesztett sajt (Bomilact)	Székely mushroom flavour processed cheese (Bomilact)
5941901300040	Klasszikus hamburger zsemle (Schulstad)	Classic hamburger buns (Schulstad)
5941904700021	Parajdi sós chips	Parajd salty crisps
5942289002847	Ciao őszibarack	Ciao peach drink
5949040203000	Sült perec paradicsommal és fűszernövényekkel	Baked pretzels with tomato & herbs
5990031646009	Activia epres joghurt (Danone)	Activia strawberry yogurt (Danone)
5990031646115	Activia granolás-piros gyümölcsös joghurt	Activia granola and red fruit yogurt
5990031646634	YoPRO áfonyás joghurt (Danone)	YoPRO blueberry yogurt (Danone)
5990031646641	YoPRO – banán és mogyoróvaj (Danone)	YoPRO – banana & peanut butter (Danone)
5990031646658	YoPRO (Danone)	YoPRO (Danone)
5990031647471	Görög stílusú joghurt (Danone)	Greek-style yogurt (Danone)
59905318	Sport szelet (Mondelez)	Sport bar (Mondelez)
5992734100413	Roppanós sajtos virsli	Crispy cheese frankfurters
5992895005794	Kefir (Sissy)	Kefir (Sissy)
5992895005817	Kefir (Sissy)	Kefir (Sissy)
5992895005862	Tej (Sissy)	Milk (Sissy)
5992895006340	Natúr joghurt (Sissy)	Plain yogurt (Sissy)
5992895007026	Light trappista sajt (Sissy)	Light Trappist cheese (Sissy)
5992895013362	Multivitamin vegyes gyümölcsital (Bino)	Multivitamin mixed fruit drink (Bino)
5993330000022	Coca-Cola eredeti íz	Coca-Cola original taste
5993330000039	Coca-Cola	Coca-Cola
5993330000053	Coca-Cola	Coca-Cola
5993330000077	Coca-Cola	Coca-Cola
5993330000138	Coca-Cola Zero	Coca-Cola Zero
5993330000152	Coca-Cola Zero 1,75 l	Coca-Cola Zero 1.75 l
5993330000190	Coca-Cola Zero	Coca-Cola Zero
5993330000343	Fanta narancs 1,75 l	Fanta Orange 1.75 l
5993330000367	Fanta narancs	Fanta Orange
5993330000411	Fanta citrom-bodza, zéró cukor	Fanta lemon-elderflower, zero sugar
5993330000541	Sprite zéró cukor, citrom-lime	Sprite zero sugar, lemon-lime
5993330000602	Kinley gyömbér	Kinley ginger
5993330000619	Kinley ginger ale	Kinley ginger ale
5993330000770	Fuze Tea – eper-aloe vera	Fuze Tea – strawberry aloe vera
5993330003382	Limonádé (Cappy)	Lemonade (Cappy)
5995662329277	Libalakoma (Orsi)	Goose feast pâté (Orsi)
5995662952208	Libamáj, klasszikus (Orsi)	Goose liver spread, classic (Orsi)
5995662957593	Libamájpástétom (Orsi)	Goose liver pâté (Orsi)
5995662957647	Libamáj mousse – pikánsan csípős (Orsi)	Goose liver mousse – piquant hot (Orsi)
5995662957654	Libamáj mousse tejszínnel és mustárral (Orsi)	Goose liver mousse with cream and mustard (Orsi)
5995662959085	Vega spárgakrém (Orsi)	Vegan asparagus spread (Orsi)
5995662959092	Vega spenótkrém (Orsi)	Vegan spinach spread (Orsi)
5995663909096	Füstli – klasszikus (Master Good)	Füstli – classic (Master Good)
5995663909119	Füstli – klasszikus (Master Good)	Füstli – classic (Master Good)
5995663967492	Selyemsonka (Saga)	Silky ham (Saga)
5995927808882	Csirkemellsonka (Karát)	Chicken breast ham (Karát)
5995927810298	Royal King csirkemellsonka (eFeF)	Royal King chicken breast ham (eFeF)
5995927811738	Fokhagymás pulykacsemege fűszeres bevonattal (eFeF)	Garlic turkey delicatessen with spice coating (eFeF)
5996227001492	Bécsi virsli (Wiesbauer)	Vienna sausages (Wiesbauer)
5996227009504	Ketchupos sült hagymás grillkolbász (Wiesbauer)	Grill sausage with ketchup and fried onions (Wiesbauer)
5996253000001	Chio chips	Chio chips
5996253000384	Sajtos chips (Chio)	Cheese chips (Chio)
5996253000452	Stickletti – burgonya (Chio)	Stickletti – potato sticks (Chio)
5996253000469	Stickletti – sajtos (Chio)	Stickletti – cheese (Chio)
5996253000551	Paprikás chips (Chio)	Paprika chips (Chio)
5996253001008	Hagymás-tejfölös chips (Chio)	Sour cream & onion chips (Chio)
5996253001015	Sós chips (Chio)	Salted chips (Chio)
5996253001039	Sajtos chips (Chio)	Cheese chips (Chio)
5996253001121	Chilis-lime chips (Chio)	Chilli & lime chips (Chio)
5996253001152	Chio Intense csípős csirke chips	Chio Intense spicy chicken chips
5996253001978	Tejfölös-hagymás chips (Chio)	Sour cream & onion crisps (Chio)
5996253002210	Lencsechips tengeri sóval (Chio)	Lentil chips with sea salt (Chio)
5996253002685	Chio Intense extrém só-bors chips	Chio Intense extreme salt & pepper chips
5996300866499	Árpád szalámi borskabátban (Zimbo)	Árpád salami with pepper coating (Zimbo)
5996300868318	Tavaszi párizsi (Zimbo)	Spring Paris sausage (Zimbo)
5996300901510	Árpád szalámi borskabátban (Zimbo)	Árpád salami with pepper coating (Zimbo)
5996300906188	Bécsi virsli (Zimbo)	Vienna sausages (Zimbo)
5996358005666	Meggyleves gyümölcsdarabokkal (Knorr)	Sour cherry soup with fruit pieces (Knorr)
5996379000411	Haribo Love Hearts	Haribo Love Hearts
5996379362595	Haribo Dragones	Haribo Dragones
5996496012892	Tibi csokoládé	Tibi chocolate
5996496013837	Szaloncukor – citrom és narancs ízű zselés (Bonbonetti)	Christmas candy – lemon and orange jelly (Bonbonetti)
59969242	Coca-Cola eredeti íz	Coca-Cola original taste
59969273	Fanta narancs	Fanta Orange
59969778	Csoki Mikulás (Nestlé Smarties)	Chocolate Santa (Nestlé Smarties)
5997003583492	Vénusz margarin	Vénusz margarine
5997003584154	Valódi vajas, sós margarin (Vénusz)	Margarine with real butter, salted (Vénusz)
5997003584345	Háromnegyed zsíros margarin (Vénusz)	Three-quarter-fat margarine (Vénusz)
5997010302017	Gulyáskrém (Univer)	Goulash cream (Univer)
5997010302048	Eredeti gulyáskrém, csípős (Univer)	Original goulash cream, hot (Univer)
5997010303267	Ketchup (Univer)	Ketchup (Univer)
5997010303281	Majonéz (Univer)	Mayonnaise (Univer)
5997010304028	Majonéz (Univer)	Mayonnaise (Univer)
5997010304196	Sűrített paradicsom (Univer)	Tomato paste (Univer)
5997010304769	Mustár (Univer)	Mustard (Univer)
5997010305094	Mustár (Univer)	Mustard (Univer)
5997010306510	Karikás Pista zöld (Univer)	Karikás Pista green (Univer)
5997010308309	Ketchup (Univer)	Ketchup (Univer)
5997010308590	Babos zöldségkrém (Univer)	Bean vegetable spread (Univer)
5997010309085	Light majonéz (Univer)	Light mayonnaise (Univer)
5997010309641	Fokhagymakrém (Univer)	Garlic cream (Univer)
5997010310135	Majonéz (Univer)	Mayonnaise (Univer)
5997010312887	Erős Pista szaloncukor (Univer)	Erős Pista Christmas candy (Univer)
5997148701881	Natúr extrudált kenyér (Abonett)	Plain extruded bread (Abonett)
5997148701904	Rozsos extrudált kenyér (Abonett)	Rye extruded bread (Abonett)
5997148702376	Pizzás extrudált kenyér (Abonett)	Pizza extruded bread (Abonett)
5997148703588	Lenmagos ropogós kenyér (Abonett)	Crispbread with linseed (Abonett)
5997148703601	Quinoás ropogós kenyér (Abonett)	Crispbread with quinoa (Abonett)
5997148703700	Gluténmentes szendvics mogyoróval (Abonett)	Gluten-free sandwich with hazelnut (Abonett)
5997148703878	Extrudált kenyér, lencsés-zöldborsós (Abonett)	Extruded bread with lentil and green peas (Abonett)
5997156702023	Sajtos tallér, natúr (Ziegler)	Cheese rounds, plain (Ziegler)
5997156702047	Sajtos tallér (Ziegler)	Cheese rounds (Ziegler)
5997156702061	Sajtos tallér – chilis (Ziegler)	Cheese crackers – chilli (Ziegler)
5997234712166	Nógrádi ropogós sós pálcika – erős pista	Nógrádi crispy salty sticks – hot paprika paste
5997257351120	Magyaros tészta paprikáscsirke szósszal (Knorr)	Hungarian-style pasta with chicken paprikash sauce (Knorr)
5997264103040	Schweppes Bitter Lemon citromízű szénsavas üdítő	Schweppes Bitter Lemon carbonated lemon drink
5997264104559	Pepsi kóla	Pepsi cola
5997264104573	Pepsi zero kóla	Pepsi Zero cola
5997264105389	Pepsi Electric	Pepsi Electric
5997264166038	Pepsi lime	Pepsi lime
5997289701368	Geszti Eszti édesség	Geszti Eszti confection
5997312702065	Chio Big Pep – sonkás	Chio Big Pep – ham flavour
5997312762465	Chio Stickletti	Chio Stickletti
5997312763943	Chio Pom-Bär	Chio Pom-Bär
5997347540083	Mogyi Rolli – bacon ízű	Mogyi Rolli – bacon flavour
5997347540144	Mogyi Mexicorn	Mogyi Mexicorn
5997347541073	Mogyi földimogyoró – pörkölt, sózott	Mogyi peanuts – roasted, salted
5997347541950	Mogyi mogyoró	Mogyi peanuts
5997347542766	Pörkölt, sózott kesudió (Mogyi)	Roasted salted cashews (Mogyi)
5997347542902	Mogyi földimogyoró tésztabundában – hagymás-tejfölös	Mogyi coated peanuts – sour cream and onion
5997347543169	Mogyi Paszka	Mogyi Paszka
5997349307127	Mantaro forró csokoládé – fehér csokoládé ízű	Mantaro hot chocolate – white chocolate flavour
5997380350298	Detki háztartási keksz	Detki household biscuits
5997380350588	Trijó gyümölcsös tízórai keksz	Trijó fruit snack biscuits
5997380350595	Trijó erdei gyümölcsös tízórai keksz	Trijó forest fruit snack biscuits
5997380350939	Detki háztartási keksz	Detki household biscuits
5997380351394	Dolce Vita kakaós omlós keksz	Dolce Vita cocoa shortbread biscuits
5997380352063	Detki Party King kréker – hagymás-tejfölös	Detki Party King crackers – sour cream and onion
5997380352612	Detki állatfigurás kakaós keksz	Detki animal-shaped cocoa biscuits
5997380352766	Detki Zabálom	Detki Zabálom oat biscuits
5997380352797	Detki Mese mézes ételbevonó	Detki Mese honey biscuits
5997380352872	Detki Vitál fitt – karamellizált hagyma	Detki Vital Fit – caramelised onion
5997380360310	Detki kakaós-csokis keksz	Detki cocoa chocolate biscuits
5997380360327	Detki Vital omlós natúr keksz	Detki Vital plain shortbread biscuits
5997380362697	Detki Mese mézes linzer	Detki Mese honey linzer biscuits
5997381356367	Dr. Oetker natúr marcipánmassza	Dr. Oetker plain marzipan paste
5997381361910	Dr. Oetker banános zabkása	Dr. Oetker banana oat porridge
5997381361934	Dr. Oetker Vitalis zabkása – almás-fahéjas	Dr. Oetker Vitalis oat porridge – apple and cinnamon
5997381364126	Dr. Oetker zabkása – meggyes	Dr. Oetker oat porridge – sour cherry
5997381366557	Dr. Oetker zabkása – étcsokoládés	Dr. Oetker oat porridge – dark chocolate
5997381367479	Dr. Oetker vanillincukor	Dr. Oetker vanilla sugar
5997381369008	Dr. Oetker zabpehely – málnás	Dr. Oetker oat flakes – raspberry
5997427311138	Kalács	Sweet bread (kalács)
5997443313901	Kakaós krémmel töltött ostya	Wafer filled with cocoa cream
5997443314472	Old Moulin Parány	Old Moulin Parány
5997443314656	Urban Parány	Urban Parány
5997476322543	Nagymama lekvárja – sárgabarack	Grandma jam – apricot
5997523300012	Nissin Smack leves	Nissin Smack instant soup
5997523300036	Nissin Smack instant tészta	Nissin Smack instant noodles
5997523315610	Nissin Soba classic instant tészta	Nissin Soba classic instant noodles
5997524700095	Avena GoFit vaníliás édes keksz	Avena GoFit sweet vanilla biscuits
5997536111155	Danone kaukázusi kefir	Danone Caucasian kefir
5997536111872	Activia – eper	Activia – strawberry
5997536113975	Danone kefir	Danone kefir
5997536113982	Danone natúr joghurt	Danone plain yoghurt
5997536115177	Activia joghurt	Activia yoghurt
5997536119380	Activia – gabonás, piros gyümölcsös	Activia – cereals and red fruit
5997536119564	Activia joghurt	Activia yoghurt
5997536119588	Danone Oikos krémjoghurt – citromos túrótorta ízű	Danone Oikos creamy yoghurt – lemon cheesecake
5997536134314	Actimel	Actimel
5997536302058	Danone Activia krémes natúr	Danone Activia creamy plain yoghurt
5997536302201	Danone kaukázusi kefir – lágy ízű	Danone Caucasian kefir – mild
5997536304878	Danone Oikos	Danone Oikos
5997536305042	Danone sárgabarackízű joghurt – zsírszegény, élőflórás	Danone apricot low-fat live-culture yoghurt
5997536305059	Danone citromos joghurt	Danone lemon yoghurt
5997536305073	Danone joghurt – banán és erdei gyümölcs	Danone yoghurt – banana and forest fruit
5997622736101	Egertej egri natúr joghurt	Egertej plain yoghurt
5997622736514	Egertej ivójoghurt – eper	Egertej drinking yoghurt – strawberry
5997622736538	Egertej ivójoghurt – kajszi	Egertej drinking yoghurt – apricot
5997622736590	Egertej ivójoghurt – alma-körte	Egertej drinking yoghurt – apple and pear
5997622736644	Egertej réteges krémjoghurt – kajszibarack	Egertej layered creamy yoghurt – apricot
5997622738112	Egertej egri kefir	Egertej kefir
5997659521008	Eisberg Puszta saláta	Eisberg Puszta salad
5997659522807	Eisberg Green drink	Eisberg Green drink
5997659523248	Eisberg Tavasz mix saláta	Eisberg Spring mix salad
5997659523613	Eisberg Fradi Sali	Eisberg Fradi Sali salad
5997659524146	Lidl pesztós csirkés színes tál	Lidl colourful bowl with pesto chicken
5997659540108	Eisberg Vitamin mix saláta	Eisberg Vitamin mix salad
5997659560298	Eisberg salátamix	Eisberg salad mix
5997659560335	Eisberg De Luxe mix saláta	Eisberg De Luxe mix salad
5997664301909	Naturfood kandírozott gyömbér	Naturfood candied ginger
5997684501266	Karaván füstölt sajt	Karaván smoked cheese
5997684502034	Mackó ömlesztett sajt	Mackó processed cheese
5997684502133	Medve kockasajt – sonkás	Medve cheese cubes – ham
5997684502164	Medve téliszalámis kenhető ömlesztett sajt, félzsíros	Medve spreadable processed cheese with winter salami, semi-fat
5997684502201	Medve ömlesztett sajt	Medve processed cheese
5997684502218	Medve ömlesztett sajt – natúr	Medve processed cheese – plain
5997684502591	Medve ömlesztett sajt – natúr	Medve processed cheese – plain
5997684503444	Karaván füstölt ömlesztett sajt	Karaván smoked processed cheese
5997684503765	Karaván ömlesztett sajt	Karaván processed cheese
5997684505417	Mackó kenhető ömlesztett sajt, félzsíros	Mackó spreadable processed cheese, semi-fat
5997684505493	Medve Fitt kenhető ömlesztett sajt, félzsíros	Medve Fitt spreadable processed cheese, semi-fat
5997684506353	Karaván parenyica	Karaván parenyica (smoked string cheese)
5997684509613	Medve ömlesztett sajt – sült hagymás	Medve processed cheese – roasted onion
5997684510183	Karaván sajt steak – natúr	Karaván cheese steak – plain
5997684510305	Medve kockasajt – parasztkolbászos	Medve cheese cubes – country sausage
5997684536299	Medve ömlesztett sajt – natúr	Medve processed cheese – plain
5997690702053	Kakaóporos tejcsokoládés mandula (Nobilis)	Cocoa-dusted milk chocolate almonds (Nobilis)
5997730143068	Ledo madártej-áfonya ízű jégkrém	Ledo floating island and blueberry ice cream
5997754102133	Kisteleki juhtúró – sült hagymás-chilis	Kisteleki sheep curd – roasted onion and chilli
5997754102140	Kisteleki juhtúró – sült hagymás-pesztós	Kisteleki sheep curd – roasted onion and pesto
5997754102201	Kisteleki juhtúró	Kisteleki sheep curd
5997754105813	Kisteleki csípőspaprikás ömlesztett sajt	Kisteleki chilli pepper processed cheese
5997754138897	Kisteleki juhtúró	Kisteleki sheep curd
5997848513678	Dénes Natura müzli alap	Dénes Natura muesli base
5997866300083	Mester sajtos tallér	Mester cheese crackers
5997971304037	Aranycipó burgonyás-rozsos kenyér	Aranycipó potato rye bread
5997981311094	Rédei bio tönköly teljes kiőrlésű száraztészta	Rédei organic wholegrain spelt pasta
5997986112580	Őrült Tehén sós angol vajkaramella szelet	Őrült Tehén salted English butter caramel bar
5997986112733	Őrült Tehén édesség	Őrült Tehén confection
5997991300347	Mikulás szelet	Mikulás (Santa) chocolate bar
5997991321168	Pajkos Jancsi kókuszos szelet kakaós bevonattal	Pajkos Jancsi coconut bar with cocoa coating
5998001654375	Gyulai kézműves kolbász	Gyulai artisan sausage
5998001656164	Gyulai sertésmájas	Gyulai pork liver pâté
5998001662790	Gyulai kolbász	Gyulai sausage
5998001686352	Gyulai húskészítmény	Gyulai meat product
5998001686529	Gyulai paprikás szalámi	Gyulai paprika salami
5998001687878	Gyulai kolbász	Gyulai sausage
5998001689278	Karát Pokol szalámi	Karát Hell salami (hot)
5998001691080	Gyulai szarvas szalámi – csemege	Gyulai deer salami – delicatessen
5998002016783	Kométa bécsi virsli	Kométa Vienna sausages
5998002020315	Kométa bécsi virsli	Kométa Vienna sausages
5998002020322	Kométa Classic koktélvirsli	Kométa Classic cocktail sausages
5998002036996	Kométa Classic füstölt-főtt fokhagymás karaj	Kométa Classic smoked cooked garlic pork loin
5998002037009	Kométa Classic füstölt-főtt tarja	Kométa Classic smoked cooked pork neck
5998002037054	Kométa Classic extra sonka	Kométa Classic extra ham
5998002047442	Kométa frankfurti virsli	Kométa Frankfurter sausages
5998002047787	Kométa frankfurti sertésvirsli	Kométa pork Frankfurter sausages
5998002065811	Kométa prémium téliszalámi	Kométa premium winter salami
5998002076169	Kométa sertés párizsi	Kométa pork parisian sausage
5998002084621	Kométa kemencés sült pulykamell sonka	Kométa oven-baked turkey breast ham
5998002084843	Kométa kemencés sült tarja	Kométa oven-roasted pork neck
5998002087721	Kométa Classic bécsi virsli	Kométa Classic Vienna sausages
5998002344503	Pápai Hús Hipster tepsis sütnivaló kolbász	Pápai Hús Hipster sausage for oven baking
5998002344633	Pápai vöröshagymás sertés tepertőkrém	Pápai pork crackling spread with onion
5998002344640	Pápai fokhagymás sertés tepertőkrém	Pápai pork crackling spread with garlic
5998002354748	Pápai párizsi	Pápai parisian sausage
5998003115676	Pick míves parasztkolbász	Pick artisan country sausage
5998003118288	Pick mangalica páros kolbász	Pick mangalica paired sausages
5998003118745	Pick téliszalámi	Pick winter salami
5998003121967	Herz paprikás vastagkolbász	Herz paprika thick sausage
5998003123572	Pick Báthory csemegeszalámi	Pick Báthory delicatessen salami
5998003124104	Pick téliszalámi – eredeti	Pick winter salami – original
5998003127570	Pick sertés párizsi	Pick pork parisian sausage
5998003127778	Herz Gála füstölt főtt sonka	Herz Gála smoked cooked ham
5998003129727	Herz Classic téliszalámi	Herz Classic winter salami
5998003129789	Herz Classic Budapest szalámi	Herz Classic Budapest salami
5998003129802	Herz Classic Budapest paprikás szalámi	Herz Classic Budapest paprika salami
5998003149336	Pick Pickstick snack – csípős	Pick Pickstick snack – hot
5998003150790	Bonafarm sült sonka	Bonafarm roast ham
5998003151315	Herz Gála csemegesonka	Herz Gála delicatessen ham
5998003157317	Pick Pickolino virsli	Pick Pickolino sausages
5998003162670	Pick Rákóczi nemespenészes szalámi	Pick Rákóczi noble-mould salami
5998003163943	Pick Szalametti paprikás szalámi	Pick Szalametti paprika salami
5998003163967	Pick Szalametti csípős szalámi	Pick Szalametti hot salami
5998003164155	Pick Pickolino virsli	Pick Pickolino sausages
5998003165077	Pick Szalametti borsos szalámi	Pick Szalametti peppered salami
5998038311586	Cornexi Zabexi	Cornexi Zabexi oat bar
5998038320519	Cornexi instant zabkása étcsokoládéval	Cornexi instant oat porridge with dark chocolate
5998038320991	Cornexi Zabrudi – málnás	Cornexi Zabrudi oat bar – raspberry
5998038321066	Cornexi Zabrudi – epres	Cornexi Zabrudi oat bar – strawberry
5998038321080	Cornexi Zabrudi – sárgabarackos	Cornexi Zabrudi oat bar – apricot
5998038321103	Cornexi töltött Zabrudi – sóskaramellás	Cornexi filled Zabrudi oat bar – salted caramel
5998038321981	Cornexi zabkása – áfonyás	Cornexi oat porridge – blueberry
5998038322001	Cornexi zabkása – piros gyümölcsös	Cornexi oat porridge – red fruit
5998038322025	Cornexi zabkása – banános-csokoládés	Cornexi oat porridge – banana and chocolate
5998060308813	Kata sóskaramellás brownie	Kata salted caramel brownie
5998067318341	Hajdú fehér sajt	Hajdú white cheese
5998115700869	Meggle vaj	Meggle butter
5998143105209	Szerencsi macskanyelv	Szerencs cat tongue chocolates
5998143114102	Kézzel készített konyakmeggy	Handmade cognac cherries
5998150520132	Abaméz virágméz	Abaméz blossom honey
5998166355568	Mákos bejgli	Poppy seed bejgli (roll)
5998200138614	Mizo tej 1,5%	Mizo milk 1.5%
5998200140174	Mizo tej 1,5%	Mizo milk 1.5%
5998200140181	Mizo UHT tej 2,8%	Mizo UHT milk 2.8%
5998200450242	Mizo bio tej 2,8%	Mizo organic milk 2.8%
5998200450402	Bonafarm laktózmentes tej 1,5%	Bonafarm lactose-free milk 1.5%
5998200452130	Mizo kaukázusi kefir	Mizo Caucasian kefir
5998200460166	Mizo tej 3,5%	Mizo milk 3.5%
5998200460180	Mizo madártej	Mizo floating island dessert (madártej)
5998200460197	Mizo kakaó	Mizo cocoa milk
5998200460210	Mizo tejeskávé	Mizo milk coffee
5998200461361	Sissy light cottage cheese	Sissy light cottage cheese
5998200462115	Túró Rudi – Mizo	Túró Rudi (Mizo)
5998200462344	Mizo tejföl 20%	Mizo sour cream 20%
5998200462382	Mizo natúr joghurt	Mizo plain yoghurt
5998200464959	Mizo laktózmentes tejföl 20%	Mizo lactose-free sour cream 20%
5998200465574	Mizo laktózmentes tej 2,8%	Mizo lactose-free milk 2.8%
5998200466687	Sole-Mizo tej	Sole-Mizo milk
5998200468049	Mizo light 0%	Mizo light 0%
5998200468339	Hazai tejföl 20%	Hazai sour cream 20%
5998200469053	Mizo rögös túró	Mizo curd cheese
5998200469084	Norbi Update joghurt	Norbi Update yoghurt
5998200471384	Mizo laktózmentes tejföl 20%	Mizo lactose-free sour cream 20%
5998200473685	Mizo Coffee Melange	Mizo Coffee Melange
5998200476587	Mizo laktózmentes tej 1,5%	Mizo lactose-free milk 1.5%
5998200477324	Mizo grillsajt – natúr	Mizo grilling cheese – plain
5998200477959	Mizo kaukázusi kefir	Mizo Caucasian kefir
5998200478420	Coop tejföl 20%	Coop sour cream 20%
5998200480348	Túró Rudi tejcsokoládés	Túró Rudi – milk chocolate
5998200481178	Mizo csökkentett zsírtartalmú vaj	Mizo reduced-fat butter
5998200481192	Mizo vaj 60%	Mizo butter 60%
5998200482656	Mizo gyümölcsjoghurt – meggyes-csipkebogyós, laktózmentes	Mizo fruit yoghurt – sour cherry and rosehip, lactose-free
5998200483783	Mizo latte – pisztácia ízű	Mizo latte – pistachio
5998200483806	Mizo latte – kókusz-mandula ízű	Mizo latte – coconut and almond
5998200484209	Mizo ultraszűrt tej	Mizo ultra-filtered milk
5998200485534	Mizo Prote!n	Mizo Prote!n
5998200557033	Alföldi magyar tej 2,8%	Alföldi Hungarian milk 2.8%
5998200557088	Alföldi magyar vaj	Alföldi Hungarian butter
5998200557682	Superbrands tejtermék	Superbrands dairy product
5998200557798	Alföldi tejföl 20%	Alföldi sour cream 20%
5998200558276	Magyar tejföl	Hungarian sour cream
5998200559754	Alföldi Tej vaj	Alföldi Tej butter
5998200560521	Alföldi tejföl 12%	Alföldi sour cream 12%
5998200560545	Alföldi magyar tejföl 12%	Alföldi Hungarian sour cream 12%
5998200561467	Riska zero	Riska Zero
5998200562617	Alföldi magyar natúr joghurt	Alföldi Hungarian plain yoghurt
5998200563133	Alföldi tej 1,5%	Alföldi milk 1.5%
5998200563393	Alföldi Anni Panni rögös túró	Alföldi Anni Panni curd cheese
5998200564338	Riska tej 2,8%	Riska milk 2.8%
5998200564352	Aldi vaj	Aldi butter
5998200564369	Aldi tejföl 20%	Aldi sour cream 20%
5998200564437	Riska laktózmentes tej 1,5%	Riska lactose-free milk 1.5%
5998200564550	Riska laktózmentes vaj	Riska lactose-free butter
5998200565410	Alföldi zsírszegény rögös túró	Alföldi low-fat curd cheese
5998200565472	Aldi gyümölcsjoghurt – áfonyás	Aldi fruit yoghurt – blueberry
5998200566226	Alföldi főzőtejszín 10%	Alföldi cooking cream 10%
5998200566943	Alföldi magyar trappista sajt	Alföldi Hungarian Trappist cheese
5998200567902	S-Fruittissimo joghurt – málna	S-Fruittissimo yoghurt – raspberry
5998200567995	Sissy light cottage cheese	Sissy light cottage cheese
5998200569586	Alföldi magyar tejföl	Alföldi Hungarian sour cream
5998200740497	Milli félzsíros rögös túró	Milli semi-fat curd cheese
5998200743108	Pöttyös Túró Rudi	Pöttyös Túró Rudi
5998200744914	Milli márványsajtos vajkrém	Milli blue cheese butter spread
5998200744969	Hun-Pöttyös túrórudi – natúr	Hun-Pöttyös curd bar – plain
5998200746888	Óriás Pöttyös Túró Rudi – mogyorókrémes	Giant Pöttyös Túró Rudi – hazelnut cream
5998200747526	Milli krémtúró – vaníliás	Milli cream curd – vanilla
5998200747533	Milli krémtúró	Milli cream curd
5998200747540	Milli krémtúró – kekszes	Milli cream curd – biscuit
5998200747595	Milli krémtúró – vaníliás	Milli cream curd – vanilla
5998200747960	Milli krémtúró – epres	Milli cream curd – strawberry
5998200749032	Pöttyös kakaós tej	Pöttyös cocoa milk
5998200749223	Pöttyös kakaó	Pöttyös cocoa milk
5998200749247	Óriás Túró Rudi – karamellás	Giant Túró Rudi – caramel
5998200750151	Túró Rudi – zero cukor	Túró Rudi – zero sugar
5998200750373	Pöttyös Túró Rudi – szatmári szilvalekváros	Pöttyös Túró Rudi – Szatmár plum jam
5998200750724	Milli krémtúró – túrógombóc ízű	Milli cream curd – curd dumpling flavour
5998200751394	Milli Power bowl krémjoghurt	Milli Power bowl creamy yoghurt
5998200751592	Túró Rudi	Túró Rudi
5998200751875	Túró Rudi Protein	Túró Rudi Protein
5998200751998	Milli High Protein krémtúró – mangós	Milli High Protein cream curd – mango
5998200752032	Milli réntúró	Milli curd cake (réntúró)
5998201002907	Pöttyös Túró Rudi – natúr	Pöttyös Túró Rudi – plain
5998201057372	Óriás Pöttyös Túró Rudi	Giant Pöttyös Túró Rudi
5998201080394	Óriás Pöttyös Túró Rudi – natúr	Giant Pöttyös Túró Rudi – plain
5998201200907	Tolle teavaj	Tolle tea butter
5998201205100	Sissy kefir	Sissy kefir
5998201205759	Sissy cottage cheese	Sissy cottage cheese
5998201206008	Sissy tej 1,5%	Sissy milk 1.5%
5998201206114	Sissy laktózmentes tej 1,5%	Sissy lactose-free milk 1.5%
5998201214416	Tolle UHT tej 1,5%	Tolle UHT milk 1.5%
5998201214515	Tolle UHT tej 2,8%	Tolle UHT milk 2.8%
5998201222046	Tolle natúr kenhető ömlesztett sajtkrém	Tolle plain spreadable processed cheese
5998201222503	Tolle ESL tej 2,8%	Tolle ESL milk 2.8%
5998201222541	Cirmi tej 2,8%	Cirmi milk 2.8%
5998201222701	Tolle kakaós tej	Tolle cocoa milk
5998201225405	Tolle kefir 3,5%	Tolle kefir 3.5%
5998201228307	Milsani tej 1,5%	Milsani milk 1.5%
5998201228352	Milsani ESL tej 2,8%	Milsani ESL milk 2.8%
5998201228550	Milsani zsírszegény natúr joghurt	Milsani low-fat plain yoghurt
5998201445988	Ínyenc camembert – zöldborsos	Gourmet camembert – green peppercorn
5998201446008	Ínyenc camembert – chilis	Gourmet camembert – chilli
5998201446060	Ínyenc camembert – natúr	Gourmet camembert – plain
5998201446107	Camembert – fűszeres	Camembert – spiced
5998201449313	Bazsalikomos camembert	Camembert with basil
5998201449337	Medve ementáli	Medve Emmental
5998201449344	Medve edami sajt	Medve Edam cheese
5998201449382	Medve gouda	Medve Gouda
5998201449993	Tihany ínyenc camembert – natúr	Tihany gourmet camembert – plain
5998201450012	Erdei gombás camembert	Camembert with forest mushrooms
5998202600034	Kuntej tej 2,8%	Kuntej milk 2.8%
5998202940109	Nádudvari kefir	Nádudvari kefir
5998202940123	Nádudvari natúr joghurt	Nádudvari plain yoghurt
5998202940260	Nádudvari félzsíros túró	Nádudvari semi-fat curd cheese
5998202941724	Sissy körözött	Sissy körözött (Hungarian cheese spread)
5998202942356	Nádudvari magyaros vajkrém	Nádudvari Hungarian-style butter cream
5998202942448	Nádudvari élőflórás kefir	Nádudvari live-culture kefir
5998202942783	Sissy natúr joghurt	Sissy plain yoghurt
5998202942967	Nádudvari Fitness sovány túró	Nádudvari Fitness low-fat curd cheese
5998202943759	Réteges krémjoghurt	Layered creamy yoghurt
5998202943933	Nádudvari réteges krémjoghurt – málna	Nádudvari layered creamy yoghurt – raspberry
5998202960909	Nádudvari csemege debreceni kolbász	Nádudvari delicatessen Debrecen sausage
5998202961609	Nádudvari sertésmájas	Nádudvari pork liver pâté
5998202961616	Nádudvari majoránnás májas	Nádudvari liver pâté with marjoram
5998202962095	Nádudvari grillkolbász	Nádudvari grilling sausage
5998202963337	Nádudvari parasztmájas	Nádudvari country liver pâté
5998207715337	Naszálytej tej 1,5%	Naszálytej milk 1.5%
5998207721826	Naszálytej tej 2,8%	Naszálytej milk 2.8%
5998207729136	Dunatej UHT tej 1,5%	Dunatej UHT milk 1.5%
5998207731009	Magic Milk natúr joghurt	Magic Milk plain yoghurt
5998207740018	Magic Milk vajkrém	Magic Milk butter cream
5998207750017	Jásztej félzsíros túró, laktózmentes	Jásztej semi-fat curd cheese, lactose-free
5998207771166	Magic Milk laktózmentes tej	Magic Milk lactose-free milk
5998207771210	Sissy tej	Sissy milk
5998207771517	Jásztej natúr joghurt 3,5%	Jásztej plain yoghurt 3.5%
5998207771685	Tarka joghurt	Tarka yoghurt
5998207771708	Tarka görög joghurt	Tarka Greek yoghurt
5998207771906	Tarka natúr joghurt	Tarka plain yoghurt
5998207901815	Hajdú parenyica	Hajdú parenyica (smoked string cheese)
5998207903789	Hajdú Gourmet krémsajt	Hajdú Gourmet cream cheese
5998207904595	Hajdú grillenyica	Hajdú grillenyica (grilling string cheese)
5998207907039	Kőrösi sajtkorong	Kőrösi cheese wheel
5998207908609	Kőrösi juhtúró	Kőrösi sheep curd
5998207908623	Grillsajt	Grilling cheese
5998207919087	Hajdú parenyica – natúr, feketemaggal	Hajdú parenyica – plain, with black seeds
5998207919612	Hajdú Edelrad sajt	Hajdú Edelrad cheese
5998207927716	Hajdú mascarpone	Hajdú mascarpone
5998208925841	Szarvasi mozzarella	Szarvasi mozzarella
5998208925872	Szarvasi füstölt mozzarella	Szarvasi smoked mozzarella
5998208925933	Szarvasi mascarpone	Szarvasi mascarpone
5998208925988	Mozzarella	Mozzarella
5998208925995	Szarvasi mozzarella – mini	Szarvasi mozzarella – mini
5998208926244	Szarvasi mozzarella light – mini	Szarvasi light mozzarella – mini
5998208926398	Szarvasi Italia mozzarella – mini	Szarvasi Italia mozzarella – mini
5998208926411	Szarvasi füstölt mozzarella	Szarvasi smoked mozzarella
5998208926435	Szarvasi ricotta	Szarvasi ricotta
5998208926978	Mozzarella – mini	Mozzarella – mini
5998208927128	Szarvasi grill mozzarella – natúr	Szarvasi grilling mozzarella – plain
5998216703691	Fino mini trappista – natúr	Fino mini Trappist cheese – plain
5998270721273	Fanan csicseriborsókrém olívás szósszal	Fanan chickpea spread with olive sauce
5998279181177	Klasszikus májas	Classic liver pâté
5998296511124	Kaiser csibe frankfurti	Kaiser chicken Frankfurters
5998304053134	Házias Ízek chilis bab darált marhahússal	Házias Ízek chilli beans with minced beef
5998304053615	Házias Ízek zúzapörkölt	Házias Ízek gizzard stew
5998304055503	Coop darált sertéslöncs	Coop minced pork luncheon meat
5998304056272	Házias Ízek rakott káposzta	Házias Ízek layered cabbage casserole
5998304057927	Szegedi sertésmájkrém	Szegedi pork liver spread
5998304058917	Házias Ízek tanyasi káposzta csülökhússal	Házias Ízek farmhouse cabbage with pork knuckle
5998304058924	Házias Ízek magyaros bab egytál csípős házikolbásszal	Házias Ízek Hungarian bean stew with hot homemade sausage
5998304061801	Snack Szeged csípős pástétom	Snack Szeged hot pâté
5998304061825	Snack Szeged falusi pástétom	Snack Szeged country pâté
5998304061986	Snack Szeged libamájas magyarosan	Snack Szeged Hungarian-style goose liver pâté
5998304062822	Családi baromfimájas	Családi poultry liver pâté
5998304062921	Házias Ízek hamburgeres melegszendvicskrém	Házias Ízek hamburger hot sandwich spread
5998304063119	Házias Ízek sólet pácolt marhahússal	Házias Ízek cholent with marinated beef
5998304067247	Házias Ízek székelykáposzta	Házias Ízek Székely cabbage stew
5998304067377	Házias Ízek szegedi csípős gulyás	Házias Ízek hot Szeged goulash
5998304068220	Házias Ízek tiszai halászlé	Házias Ízek Tisza fish soup
5998304069807	Snack Szeged csípős pástétom	Snack Szeged hot pâté
5998339700225	Kaiser csabai szárazkolbász	Kaiser Csabai dry sausage
5998339700423	Csabahús csabai lángolt kolbász	Csabahús Csabai flame-grilled sausage
5998339749729	Csabahús csemege snack kolbász	Csabahús delicatessen snack sausage
5998377300012	La Lorraine olívás bagett (Pain Paillasse)	La Lorraine olive baguette (Pain Paillasse)
5998377305628	Tesco 80%-kal csökkentett szénhidráttartalmú kenyér	Tesco bread with 80% less carbohydrate
5998400304130	Cerbona müzli – piros gyümölcsös	Cerbona muesli – red fruit
5998400305137	Cerbona müzli – étcsokoládés	Cerbona muesli – dark chocolate
5998400305830	Cerbona müzli	Cerbona muesli
5998400305885	Cerbona zabpehely – finomszemű	Cerbona oat flakes – fine
5998400307155	Cerbona Crunchy ropogós gyümölcsös müzli	Cerbona Crunchy fruit muesli
5998400307667	Cerbona müzli	Cerbona muesli
5998400307827	Zabpehely	Oat flakes
5998400308152	Cerbona zabkása – csokoládés	Cerbona oat porridge – chocolate
5998400308176	Cerbona zabkása – erdei gyümölcsös	Cerbona oat porridge – forest fruit
5998400308510	Áfonyás slim szelet	Blueberry slim bar
5998400309838	Cerbona müzli – gluténmentes, laktózmentes	Cerbona muesli – gluten-free, lactose-free
5998400309937	Cerbona zabpehely	Cerbona oat flakes
5998400309951	Cerbona zabkása	Cerbona oat porridge
5998400310490	Cerbona zabkása	Cerbona oat porridge
5998400310513	Cerbona zabkása – mangós	Cerbona oat porridge – mango
5998400310902	Cerbona vegán rizskása – étcsokoládés-málnás	Cerbona vegan rice porridge – dark chocolate and raspberry
5998400310926	Cerbona rizskása – áfonyás	Cerbona rice porridge – blueberry
5998400311541	Cerbona vegán granola – Cocoa Dream	Cerbona vegan granola – Cocoa Dream
5998400311848	Cerbona müzli – csokoládés-mandulás	Cerbona muesli – chocolate and almond
5998400311855	Cerbona müzli – áfonyás	Cerbona muesli – blueberry
5998400311862	Cerbona müzli – piros gyümölcsös	Cerbona muesli – red fruit
5998400311961	Cerbona müzliszelet – csokis-kekszes	Cerbona muesli bar – chocolate and biscuit
5998400312012	Cerbona müzli – gyümölcsös	Cerbona muesli – fruit
5998400312029	Cerbona müzli – meggyes	Cerbona muesli – sour cherry
5998400312241	Cerbona zabkása – csokis	Cerbona oat porridge – chocolate
5998400313927	Cerbona granola – mézeskalács ízű	Cerbona granola – gingerbread
5998400314702	Boci étcsokoládé	Boci dark chocolate
5998400373914	Cerbona müzli – csokoládés	Cerbona muesli – chocolate
5998479300897	Salty hagymás karika	Salty onion rings
5998479301948	Lencse snack – édes-csípős	Lentil snack – sweet and hot
5998590645600	Milli krémtúró – epres	Milli cream curd – strawberry
5998603394198	Bio aloe vera ital	Organic aloe vera drink
5998703502080	Ceres rozsos magkeverékes kenyér	Ceres rye bread with seed mix
5998703503896	Ceres bakonyi barna toastkenyér	Ceres Bakony brown toast bread
5998703503902	Ceres Gra-hammm toastkenyér	Ceres Gra-hammm toast bread
5998703513895	Toastkenyér	Toast bread
5998703529056	Newline szénhidrátcsökkentett cipó	Newline reduced-carb loaf
5998703533244	Penny teljes kiőrlésű toastkenyér	Penny wholegrain toast bread
5998703533374	Teljes kiőrlésű toastkenyér	Wholegrain toast bread
5998703562367	Ceres mákos omlós kalács	Ceres crumbly poppy seed sweet bread
5998704303242	Vita PurPur teljes kiőrlésű kenyér	Vita PurPur wholegrain bread
5998704305772	Vita rozsos vidéki cipó	Vita rye country loaf
5998704307066	Vita élesztő nélküli kenyér	Vita yeast-free bread
5998710151011	Bonbonetti francia drazsé	Bonbonetti French dragées
5998710151806	Bonbonetti Dunakavics	Bonbonetti Dunakavics
5998710184965	Roshen likőrös bonbon	Roshen liqueur chocolates
5998711304096	Háztartási keksz	Household biscuits
5998711304522	Győri Édes csokidarabos keksz	Győri Édes chocolate chip biscuits
5998711388928	Tuc sajtos	Tuc cheese crackers
5998711388935	Tuc tejfölös-hagymás	Tuc sour cream and onion crackers
5998711388942	Tuc keksz	Tuc crackers
5998711389000	Tuc mini – hagymás-tejfölös	Tuc mini – sour cream and onion
5998711723491	Milka Toffee Cream csokoládé	Milka Toffee Cream chocolate
5998795311508	Pantastico teljes kiőrlésű toast	Pantastico wholegrain toast bread
5998795311515	Pantastico magvas toastkenyér	Pantastico seeded toast bread
5998795311522	Pantastico pékáru	Pantastico bakery product
5998795311614	Pantastico hamburgerzsemle	Pantastico hamburger buns
5998815112214	Almalé	Apple juice
5998815112856	Sió gyümölcsös püré ital	Sió fruit purée drink
5998815113082	Hohes C sok multi	Hohes C multifruit juice
5998815114751	Sió szűrt almaital	Sió clear apple drink
5998815117653	Hohes C gyümölcslé	Hohes C fruit juice
5998815123081	Sió rostos őszibarackital	Sió peach drink with pulp
5998815123494	Alma-körte ital	Apple and pear drink
5998815124224	Hohes C multivitamin	Hohes C multivitamin juice
5998815125900	Hohes C piros multi	Hohes C red multifruit juice
5998815159134	Hohes C narancslé gyümölcshússal	Hohes C orange juice with pulp
5998815196382	Rostos kajszibarackital	Apricot drink with pulp
5998818174424	Soproni citromos alkoholmentes sörital	Soproni lemon non-alcoholic beer drink
5998821502368	Apenta Light – málna	Apenta Light – raspberry
5998821510400	Topjoy üdítő	Topjoy soft drink
5998821515535	Apenta bodzaízű szénsavas üdítő, energiamentes	Apenta elderflower soft drink, zero energy
5998821520454	Apenta+ izotóniás ital – kaktusz	Apenta+ isotonic drink – cactus
5998821598194	Olympos citromital 50%	Olympos lemon drink 50%
5998824744192	Apenta – bodza	Apenta – elderflower
5998857110636	Ercsi kenyér, szeletelt	Ercsi bread, sliced
5998858701475	Vegabond növényi zsír	Vegabond vegetable fat
5998858703882	Biopont extrudált bio köles	Biopont extruded organic millet
5998858704629	Biopont bio tönkölybúza sóspálcika	Biopont organic spelt salty sticks
5998858704780	Biopont bio kölesgolyó – BBQ	Biopont organic millet balls – BBQ
5998858705183	Biopont erdélyi babpástétom	Biopont Transylvanian bean pâté
5998858706876	Biopont rizskása	Biopont rice porridge
5998985584590	Aro majonéz	Aro mayonnaise
5998997405906	Kaiser nemes téliszalámi	Kaiser noble winter salami
5998997405913	Kaiser paprikás téliszalámi	Kaiser paprika winter salami
5998997499745	Csabahús csabai Pokol tüze vastagkolbász	Csabahús Csabai Hell Fire thick sausage
5998999201308	Cserpes natúr joghurt	Cserpes plain yoghurt
5998999201339	Cserpes joghurt – sárgabarackos	Cserpes yoghurt – apricot
5998999201353	Cserpes joghurt – meggyes	Cserpes yoghurt – sour cherry
5998999201360	Cserpes joghurt – áfonyás	Cserpes yoghurt – blueberry
5998999201469	Cserpes joghurt – feketeribizlis	Cserpes yoghurt – blackcurrant
5998999220002	Cserpes Trudi	Cserpes Trudi
5999028602202	Kanizsa zalai kovászos cipó, szeletelt	Kanizsa Zala sourdough loaf, sliced
5999028603032	Kenyértár bajor rozskenyér	Kenyértár Bavarian rye bread
5999028604909	Kanizsa durum cipó	Kanizsa durum loaf
5999033800365	Regnum sertés darálthús	Regnum minced pork
5999033864749	Spar burgonyaszirom	Spar potato crisps
5999033865340	Spar Free From laktózmentes tejföl 20%	Spar Free From lactose-free sour cream 20%
5999033866040	Hamé hamburgeres melegszendvicskrém	Hamé hamburger hot sandwich spread
5999033866217	S-Budget tejföl 20%	S-Budget sour cream 20%
5999033867313	S-Budget pulykacomb sonka	S-Budget turkey leg ham
5999033868662	S-Budget tejföl	S-Budget sour cream
5999033868747	Spar trappista	Spar Trappist cheese
5999033873475	Spar bácskai rizseshús	Spar Bácska-style rice with meat
5999033874083	S-Budget csabai csemege snack kolbász	S-Budget Csabai delicatessen snack sausage
5999033874168	Spar szalámi	Spar salami
5999033874199	Herz csemege és paprikás szalámi mix	Herz delicatessen and paprika salami mix
5999033874236	Spar paprikás kolbász	Spar paprika sausage
5999033874250	Spar paprikás szalámi	Spar paprika salami
5999033874878	Spar tanyasi kenhető húskészítmény	Spar farmhouse spreadable meat product
5999033874946	Spar szeletelt búzakenyér	Spar sliced wheat bread
5999033875509	Spar ropogós müzli tej- és étcsokoládé darabokkal	Spar crunchy muesli with milk and dark chocolate pieces
5999033875516	Spar müzli – mogyorós	Spar muesli – hazelnut
5999033875523	Spar ropogós müzli aszalt és kandírozott gyümölcsökkel	Spar crunchy muesli with dried and candied fruit
5999033875622	Márványos vajkrém	Blue cheese butter spread
5999033877039	Regnum schwarzwaldi sonka	Regnum Black Forest ham
5999033877121	Spar fahéjas cereália négyzetek	Spar cinnamon cereal squares
5999033877794	Spar szeletelt vidéki cipó	Spar sliced country loaf
5999033877800	Spar zabkása – csokoládés	Spar oat porridge – chocolate
5999033878326	Spar sós pálcika	Spar salty sticks
5999033879705	Alföldi ESL tej 1,5%	Alföldi ESL milk 1.5%
5999033879712	S-Budget tej 2,8%	S-Budget milk 2.8%
5999033883191	S-Budget tej	S-Budget milk
5999033883207	S-Budget UHT tej 2,8%	S-Budget UHT milk 2.8%
5999033883306	Spar müzli – epres	Spar muesli – strawberry
5999033884228	Spar ír vaj	Spar Irish butter
5999033884259	Spar zabpehely – nagyszemű	Spar oat flakes – large
5999033885638	Spar tejtermék	Spar dairy product
5999033887168	Spar szeletelt tilsiti sajt	Spar sliced Tilsiter cheese
5999033887205	Spar zabkása – epres-málnás	Spar oat porridge – strawberry and raspberry
5999033887212	Spar zabkása – vörösáfonyás	Spar oat porridge – cranberry
5999033887229	Spar zabkása – kék áfonyás	Spar oat porridge – blueberry
5999033887274	Spar csicseriborsókrém szezámmagkrémmel	Spar chickpea spread with tahini
5999033888240	S-Budget szeletelt toastkenyér	S-Budget sliced toast bread
5999033888264	S-Budget toastkenyér	S-Budget toast bread
5999033888516	S-Budget light margarin	S-Budget light margarine
5999033888813	Hazai ESL tej 1,5%	Hazai ESL milk 1.5%
5999033888837	Spar Hazai tej 3,6%	Spar Hazai milk 3.6%
5999033888875	Spar kefir	Spar kefir
5999033888974	Spar szeletelt mozzarella	Spar sliced mozzarella
5999033889292	S-Budget natúr joghurt	S-Budget plain yoghurt
5999033889940	Spar paprikás szalámi	Spar paprika salami
5999033892902	Rozsos tojásos kenyér	Rye egg bread
5999033894425	S-Budget csípős snack kolbász	S-Budget hot snack sausage
5999033895026	Spar tökmagos kenyér	Spar pumpkin seed bread
5999033896719	Spar csirkemell sonka	Spar chicken breast ham
5999033896993	Regnum extra sonka sertéscombból	Regnum extra ham from pork leg
5999076240791	Biotech USA protein muffin	Biotech USA protein muffin
5999086404732	Auchan narancs gyümölcsital 25%	Auchan orange fruit drink 25%
5999086406828	Auchan UHT tej 2,8%	Auchan UHT milk 2.8%
5999086413314	Auchan vajas popcorn	Auchan buttered popcorn
5999086413888	Auchan camembert – fokhagymás	Auchan camembert – garlic
5999086418111	Auchan trappista sajt	Auchan Trappist cheese
5999086420336	Auchan reggeliző keksz	Auchan breakfast biscuits
5999086420350	Auchan reggeliző keksz – mazsolás-gabonás	Auchan breakfast biscuits – raisin and cereal
5999086424167	Auchan laktózmentes UHT tej 1,5%	Auchan lactose-free UHT milk 1.5%
5999086425157	Auchan bio kölesgolyó	Auchan organic millet balls
5999086427052	Auchan Tájaink Ízei 35 napos trappista	Auchan Tájaink Ízei 35-day Trappist cheese
5999086438065	Auchan vaj 80%	Auchan butter 80%
5999086438478	Auchan natúr kenhető ömlesztett sajt, félzsíros	Auchan plain spreadable processed cheese, semi-fat
5999086441447	Auchan bécsi sertésvirsli	Auchan Vienna pork sausages
5999086442130	Auchan füstölt grillsajt	Auchan smoked grilling cheese
5999086444431	Auchan prémium tejföl	Auchan premium sour cream
5999086447968	Auchan szamóca extradzsem	Auchan strawberry extra jam
5999086450593	Auchan trappista	Auchan Trappist cheese
5999086458308	Auchan vaj 80%	Auchan butter 80%
5999086514967	Vitajó világos cipó	Vitajó light loaf
5999111400036	Kézműves vaddisznópástétom	Artisan wild boar pâté
5999138200329	Spar Cola Cherry	Spar Cola Cherry
5999139400827	Regnum sertéssonka	Regnum pork ham
5999139401329	Szilvás sütemény felezett szilvával	Plum cake with halved plums
5999139402845	Spar ESL tej	Spar ESL milk
5999139403316	S-Budget ESL tej 1,5%	S-Budget ESL milk 1.5%
5999139404207	Spar kókuszos rúd marcipános XXL	Spar coconut bar with marzipan XXL
5999505031624	Gelej kézműves tejföl	Gelej artisan sour cream
5999509250533	Garabonciás házi aludttej	Garabonciás homemade curdled milk
5999509251042	Garabonciás füstölt parenyica	Garabonciás smoked parenyica
5999509251653	Garabonciás kecskesajtos sajtkrém – magyaros	Garabonciás goat cheese spread – Hungarian-style
5999528344893	Serpenyős kolbász	Skillet sausage
5999540460090	Szeletelt kenyér	Sliced bread
5999546643886	Halker halászlé sűrítményből	Halker fish soup from concentrate
5999546790078	Cheeseland cottage cheese – natúr	Cheeseland cottage cheese – plain
5999546790092	Cheeseland cottage cheese – zöldfűszeres, zsírszegény	Cheeseland cottage cheese – herbs, low-fat
5999553640007	Vadász étcsokoládé szelet	Vadász dark chocolate bar
5999557798278	Szentandrási Pokol tüze szalámi	Szentandrás Hell Fire salami
5999558120412	Szobi kékszőlőital 12%	Szobi blue grape drink 12%
5999558121570	Szobi narancslé	Szobi orange juice
5999558123161	Szobi narancs ízű gyümölcsszörp	Szobi orange fruit syrup
5999558212414	Lecker egyiptomi pita	Lecker Egyptian pita
5999558956202	CBA Príma hagymás-tejfölös burgonyachips	CBA Príma sour cream and onion potato crisps
5999558957124	CBA félzsíros rögös túró	CBA semi-fat curd cheese
5999558957148	CBA Príma tej 2,8%	CBA Príma milk 2.8%
5999559163739	Pölöskei Zero narancs ízű szörp	Pölöskei Zero orange syrup
5999559310942	BiOrganik barnarizs-kása	BiOrganik brown rice porridge
5999559314889	BiOrganik zabpehely	BiOrganik oat flakes
5999559314896	Naturmind zabpehely	Naturmind oat flakes
5999561210063	Kőröstej füstölt trappista	Kőröstej smoked Trappist cheese
5999561211039	Talléros kenhető félzsíros ömlesztett sajt	Talléros spreadable semi-fat processed cheese
5999561215433	Hajdú reszelt trappista sajt	Hajdú grated Trappist cheese
5999561312521	Parmalat Dolce – Rákóczi túrós ízű	Parmalat Dolce – Rákóczi curd cake flavour
5999561313191	Président Fresh krémsajt	Président Fresh cream cheese
5999561314921	Parmalat gyümölcsjoghurt – epres	Parmalat fruit yoghurt – strawberry
5999561902012	Tápai libatöpörtyű	Tápai goose cracklings
5999564094844	Falusi margarin	Falusi margarine
5999564471089	Amurex cöliákiás cirokcipó	Amurex sorghum loaf for coeliacs
5999564800018	Passionate pálinkás étcsokoládé – szilva	Passionate pálinka dark chocolate – plum
5999565070106	Agricolae sárgabaracklekvár	Agricolae apricot jam
5999565070151	Agricolae szilvalekvár	Agricolae plum jam
5999565070168	Agricolae áfonyalekvár	Agricolae blueberry jam
5999565070182	Agricolae málnalekvár	Agricolae raspberry jam
5999565690281	Stühmer karácsonyi figurák	Stühmer Christmas figures
5999565690540	Stühmer pálinkás szaloncukor válogatás	Stühmer pálinka Christmas candy selection
5999565694104	Stühmer Lellei konyakmeggy	Stühmer Lellei cognac cherries
5999565694968	Stühmer narancsos szelet	Stühmer orange bar
5999565695118	Stühmer karácsonyi étcsokoládé	Stühmer Christmas dark chocolate
5999565695422	Stühmer Fantasy – mangó-maracuja	Stühmer Fantasy – mango and passion fruit
5999565696535	Stühmer étcsokoládé édesítőszerrel	Stühmer dark chocolate with sweetener
5999566100239	Viblance müzli	Viblance muesli
5999566100796	Viblance pekándiós granola	Viblance pecan granola
5999566701276	Grande Special panko morzsa	Grande Special panko breadcrumbs
5999567470003	Polcz chilis bab csicseriborsóval	Polcz chilli beans with chickpeas
5999567470041	Polcz bolognai marharagu	Polcz Bolognese beef ragout
5999567470201	Polcz zöldséges lencseragu	Polcz vegetable lentil ragout
5999567470386	Polcz lencsefőzelék füstölt tarjával	Polcz lentil stew with smoked pork neck
5999567470409	Polcz ananászos csirke rizzsel	Polcz pineapple chicken with rice
5999567470508	Polcz csirkepörkölt	Polcz chicken stew
5999568420380	Szentkúti tej joghurt light	Szentkúti tej light yoghurt
5999571052844	Hell – görögdinnye ízű	Hell – watermelon flavour
5999571130344	Gelatiamo lime fagylalt, hozzáadott cukor nélkül, laktózmentes	Gelatiamo lime ice cream, no added sugar, lactose-free
5999576300452	Coop gyömbér ízű üdítőital	Coop ginger soft drink
5999595350513	Chocco Garden zselés szaloncukor – narancs és sárgabarack	Chocco Garden jelly Christmas candy – orange and apricot
5999860057031	Piros Mogyorós szaloncukor	Piros Mogyorós Christmas candy
5999860057598	Piros Mogyorós szaloncukor 62% kakaó	Piros Mogyorós Christmas candy 62% cocoa
5999860497073	Hell Cafe Latte	Hell Cafe Latte
5999860497875	Hell energiaital	Hell energy drink
5999860692089	Foody Free zabchips	Foody Free oat chips
5999860692201	Coop hummuszchips céklával	Coop hummus chips with beetroot
5999860929062	Anjuna csokoládés-mogyorós jégkrém édesítőszerrel	Anjuna chocolate hazelnut ice cream with sweetener
5999861401031	Venison Gusto szürkemarha csípős paprikás szalámi	Venison Gusto Hungarian grey cattle hot paprika salami
5999861525140	Timár Tej natúr joghurt	Timár Tej plain yoghurt
5999861616008	Buba Ball datolyagolyó – mangós	Buba Ball date ball – mango
5999861616015	Buba Ball datolyagolyó – ananászos	Buba Ball date ball – pineapple
5999861616022	Buba Ball datolyagolyó – epres	Buba Ball date ball – strawberry
5999861616039	Buba Ball datolyagolyó – málnás	Buba Ball date ball – raspberry
5999861616046	Buba Ball datolyagolyó – kakaós	Buba Ball date ball – cocoa
5999861658923	Protein duo	Protein duo
5999862168339	Cookies – karamell-mogyorós	Cookies – caramel peanut
5999862309404	Márka szőlő ízű üdítő	Márka grape soft drink
5999863467097	Freddo-Gast pizza Quattro Stagioni	Freddo-Gast Quattro Stagioni pizza
5999880160544	Trend+ csökkentett szénhidráttartalmú kenyér	Trend+ reduced-carb bread
5999880160971	Jó kenyér rozskenyér	Jó Kenyér rye bread
5999880160988	Jó kenyér kovászos wellness kenyér	Jó Kenyér sourdough wellness bread
5999880160995	Jó kenyér teljes kiőrlésű kenyér magvakkal	Jó Kenyér wholegrain bread with seeds
5999880309066	Alföldi puszedli	Alföldi puszedli (small biscuits)
5999882347370	Be Mooore epres joghurt	Be Mooore strawberry yoghurt
5999882354934	Bertók hársméz	Bertók linden honey
5999882425689	NaturGold bio tönköly pehely virágméz	NaturGold organic spelt flakes with blossom honey
5999882848068	Imki mangalica tepertőkrém	Imki mangalica crackling spread
5999882848105	Imki mangalica disznósajt, szeletelt	Imki mangalica head cheese, sliced
5999882958095	Stühmer étcsokoládé	Stühmer dark chocolate
5999882958248	Stühmer étcsokoládé	Stühmer dark chocolate
5999882960104	Natúr joghurt	Plain yoghurt
5999883973363	Penny Zizi édesség	Penny Zizi confection
5999884034445	Hell energiaital cukormentes	Hell energy drink sugar-free
5999884035084	Nyírfacukros szamócalekvár	Strawberry jam with birch sugar
5999884083078	Sweetness macskanyelv	Sweetness cat tongue chocolates
5999884083580	Sweetness trüffel – Marc de Champagne	Sweetness truffle – Marc de Champagne
5999884088240	Chernel szénsavas víz	Chernel sparkling water
5999884136590	Bükkfával füstölt baconszalonna	Beech-smoked bacon
5999884136606	Sertés párizsi	Pork parisian sausage
5999884136811	Privát Hús Csikós csípős szürkemarha szalámi	Privát Hús Csikós hot Hungarian grey cattle salami
5999884387114	Kockás natúr	Kockás plain
5999884550129	Origo narancs ital	Origo orange drink
5999884751496	Keksz szelet	Biscuit bar
5999884966883	Gomolyka gomolya	Gomolyka gomolya (fresh cheese)
5999884968368	Patinás grillsajt	Patinás grilling cheese
5999885140046	Márka bodzás limonádé	Márka elderflower lemonade
5999885257157	Vénusz light sós margarin	Vénusz light salted margarine
5999885257164	Vénusz light vajízű margarin	Vénusz light butter-flavour margarine
5999885491032	Brand Food ropogós durva őrlésű morzsa	Brand Food crispy coarse breadcrumbs
5999885491056	Brand Food teljes kiőrlésű morzsa	Brand Food wholegrain breadcrumbs
5999885491209	Brand Food panko prézli	Brand Food panko breadcrumbs
5999885544004	Milkimo	Milkimo
5999885568604	Foodbox chili sin carne	Foodbox chili sin carne
5999885655182	Tejmanufaktúra Nature joghurt – áfonya-levendula	Tejmanufaktúra Nature yoghurt – blueberry and lavender
5999885655298	Tejmanufaktúra Nature joghurt – bodza-citrom	Tejmanufaktúra Nature yoghurt – elderflower and lemon
5999885655526	Tejmanufaktúra Nature joghurt – körte-karamell	Tejmanufaktúra Nature yoghurt – pear and caramel
5999885655533	Tejmanufaktúra Nature joghurt – mangó-narancs	Tejmanufaktúra Nature yoghurt – mango and orange
5999886069674	Szentkirályi citromos limonádé	Szentkirályi lemonade
5999886069704	Szentkirályi kékszőlős limonádé	Szentkirályi blue grape lemonade
5999886098032	Victus vöröshagymás tepertőkrém	Victus crackling spread with onion
5999886198121	Serrano sonka	Serrano ham
5999886224042	Chocolips ajándék tejcsokoládé	Chocolips gift milk chocolate
5999886276591	Pizza d'Oro prosciutto e funghi pizza	Pizza d'Oro prosciutto e funghi pizza
5999886276669	Pizza d'Oro kézműves pizza ricottával és spenóttal	Pizza d'Oro artisan pizza with ricotta and spinach
5999886278151	Pizza d Oro szalámis pizza (pepperoni)	Pizza d Oro pepperoni salami pizza
5999886278823	Pizza d Oro Super Margherita pizza	Pizza d Oro Super Margherita pizza
5999886289744	Dér alma-feketeribizli gyümölcslé	Dér apple and blackcurrant juice
5999886302061	Lissé Coco Max	Lissé Coco Max
5999886459017	Asia Food garnélás raviolik	Asia Food shrimp ravioli
5999886580827	Bellozzo rózsa-citrom limonádé	Bellozzo rose and lemon lemonade
5999886623319	Majomkenyér kókuszos-citromos keksz	Majomkenyér coconut and lemon biscuits
5999886783112	PrimFett kacsa- és libatepertőkrém – csemege	PrimFett duck and goose crackling spread – delicatessen
5999886783396	PrimFett kacsa- és libatepertőkrém – csípős	PrimFett duck and goose crackling spread – hot
5999887020100	Csabatej natúr joghurt	Csabatej plain yoghurt
5999887460715	Nuts & Berries földimogyoróvaj	Nuts & Berries peanut butter
5999887489419	Püski vékonykolbász – erős	Püski thin sausage – hot
5999887542046	CLM-Innova kókusztekercs, szeletelt	CLM-Innova coconut roll, sliced
5999887681059	Valentine földimogyoróvaj	Valentine peanut butter
5999887702143	Hester Life kókuszos granola	Hester Life coconut granola
5999887702167	Hester Life csokoládés granola	Hester Life chocolate granola
5999887702235	Hester Life barackos granola	Hester Life peach granola
5999887702259	Hester Life meggyes granola	Hester Life black cherry granola
5999887702303	Hester Life sós pekándiós zabkása	Hester Life salty pecan oat porridge
5999887702310	Hester Life epres zabkása	Hester Life strawberry porridge
5999887702341	Hester Life fahéjas granola	Hester Life cinnamon granola
5999887702662	Hester Life kardamomos granola	Hester Life cardamom granola
6056978210228	Stühmer szilvás Betyár	Stühmer plum Betyár
6416453017054	Fazer sós toffee ropogós csokoládé	Fazer salty toffee crunch chocolate
6426390949080	Csíki tejcsokoládé	Csíki milk chocolate
6926475204344	Zselés pohár édesség	Jelly cup dessert
6998704140174	Mizo UHT tej 1,5%	Mizo UHT milk 1.5%
7035347006364	Prevail kókuszos fondán szaloncukor étcsokoládéba mártva	Prevail coconut fondant Christmas candy dipped in dark chocolate
7055607159913	Tesco kőben sült szalámis pizza	Tesco stonebaked salami pizza
7300400112734	Barilla szezámos ropogós kenyér	Barilla sesame crispbread
7300400118101	Wasa Original ropogós kenyér	Wasa Original crispbread
7312930005585	Daim mandulatorta csokoládéval és ropogós karamellel	Daim almond cake with chocolate and crunchy caramel
7315120013612	IKEA Vintersaga mézeskalács házikó	IKEA Vintersaga gingerbread house
7610400094917	Lindt Lindor tejcsokoládé	Lindt Lindor milk chocolate
7610700948651	Ricola cukorka	Ricola herbal sweets
7613032201074	Nestlé Balaton szelet	Nestlé Balaton wafer bar
7613032201098	Nestlé Balaton étcsokoládés szelet	Nestlé Balaton dark chocolate bar
7613034063946	Balaton Bumm szelet	Balaton Bumm bar
7613034462961	Nestlé Smarties	Nestlé Smarties
7613034986139	Nestlé Balaton Bumm	Nestlé Balaton Bumm
7613035619425	Nestlé csokoládés granola	Nestlé chocolate granola
7613035758834	Nestlé vörösáfonyás granola	Nestlé cranberry granola
7613035789197	Nestlé Cini Minis granola	Nestlé Cini Minis granola
7613036105033	Nestlé Boci Banánhajó	Nestlé Boci Banánhajó chocolate
7613036168755	Boci fehér csokoládé	Boci white chocolate
7613036749534	Nestlé svájci étcsokoládé kandírozott narancshéjjal	Nestlé Swiss dark chocolate with candied orange peel
7613036874373	Maggi ramen tészta – csípős csirke ízű	Maggi ramen noodles – hot chicken flavour
7622200007769	Milka epres csokoládé	Milka strawberry chocolate
7622201102272	Belvita keksz – epres, töltött softy	Belvita filled soft biscuits – strawberry
7622201102302	Belvita keksz – kakaós-mogyorós töltött	Belvita filled biscuits – cocoa and hazelnut
7622201120931	Milka Oreo fehér csokoládé	Milka Oreo white chocolate
7622201125301	Milka kakaókrémes szaloncukor	Milka cocoa cream Christmas candy
7622201125363	Milka szaloncukor – vegyes	Milka Christmas candy – assorted
7622201137526	Győri Korpovit sokmagvas	Győri Korpovit multi-seed biscuits
7622201455965	Győri Édes gluténmentes ropogós keksz – vaníliás	Győri Édes gluten-free crispy biscuits – vanilla
7622201685768	Milka mogyorókrémes csokoládé	Milka hazelnut cream chocolate
7622201760229	Győri Édes keksz – eredeti recept	Győri Édes biscuits – original recipe
7622201760267	Győri Édes keksz – kakaós	Győri Édes biscuits – cocoa
7622201812935	Milka csokoládékrém	Milka chocolate spread
7622202251597	Milka Choco Croissant	Milka Choco Croissant
7622202265648	Milka fehér csokoládé	Milka white chocolate
7622210048042	Győri Negro – Classic	Győri Negro – Classic sweets
7622210048127	Győri Negro – extra erős	Győri Negro – extra strong sweets
7622210078988	Győri Pilóta keksz	Győri Pilóta biscuits
7622210079077	Győri Pilóta vaníliás karika	Győri Pilóta vanilla rings
7622210085283	Győri Dörmi – epres	Győri Dörmi – strawberry
7622210103253	Philadelphia light krémsajt	Philadelphia light cream cheese
7622210145390	Mondelez Sport szelet	Mondelez Sport bar
7622210145437	Mondelez Kapucíner	Mondelez Kapucíner
7622210158840	Győri Zabfalatok mini	Győri Zabfalatok mini oat biscuits
7622210180278	Győri Korpovit	Győri Korpovit biscuits
7622210203663	Mondelez Bonjour keksz	Mondelez Bonjour biscuits
7622210203694	Belvita JóReggelt! – gyümölcsös-müzlis	Belvita Good Morning! – fruit and muesli
7622210203786	Belvita JóReggelt! – kakaós	Belvita Good Morning! – cocoa
7622210203816	Belvita JóReggelt! – kakaós, 30%-kal kevesebb cukor	Belvita Good Morning! – cocoa, 30% less sugar
7622210248671	Milka Mmmax Choco Jelly	Milka Mmmax Choco Jelly
7622210277503	Milka Mmmax Oreo	Milka Mmmax Oreo
7622210411679	Oreo original keksz	Oreo original biscuits
7622210445841	Belvita keksz	Belvita biscuits
7622210449283	Prince keksz	Prince biscuits
7622210582904	Milka alpesi tejcsokoládé	Milka Alpine milk chocolate
7622210597342	Milka praliné csokoládé tejkrémmel	Milka praline chocolate with milk cream
7622210653147	Milka Moments	Milka Moments
7622210653215	Milka Mmmax – epres sajttorta	Milka Mmmax – strawberry cheesecake
7622210669315	Milka csokis brownie	Milka choco brownie
7622210690883	Milka alpesi tejcsokoládé	Milka Alpine milk chocolate
7622210694065	Milka ostya – mogyorós kakaós töltelékkel	Milka wafer – hazelnut cocoa filling, milk chocolate coated
7622210694621	Milka Waffelini	Milka Waffelini
7622210694935	Milka Waffelini Chocomax	Milka Waffelini Chocomax
7622210788108	Belvita – csokoládés-mogyorós	Belvita – choco hazelnut
7622210835338	Oreo csokis brownie	Oreo choco brownie
7622210961976	Milka Darkmilk csokoládé	Milka Darkmilk chocolate
7622210999078	Milka Trio csokoládé	Milka Trio chocolate
7622300026752	Milka csokoládédesszert	Milka chocolate dessert
7622300134532	Milka karamellás-mogyorós csokoládé	Milka caramel and hazelnut chocolate
7622300291785	Milka epres csokoládé	Milka strawberry chocolate
7622300496982	Győri Édes zabfalatok – almás	Győri Édes oat bites – apple
7622300570316	Tuc mini – füstölt bacon	Tuc mini – smoked bacon
7622300617820	Milka Oreo csokoládé	Milka Oreo chocolate
7622300735838	Cadbury Dairy Milk tejcsokoládé	Cadbury Dairy Milk milk chocolate bar
7627534931742	Coop Swiss Rock	Coop Swiss Rock sweets
7673038801098	Balaton szelet	Balaton wafer bar
7702011147813	Bon Bon Bum vegyes nyalóka	Bon Bon Bum assorted lollipops
7999364520572	Sissy rántott trappista sajt – füstízű	Sissy breaded Trappist cheese – smoke flavour
8000212030033	Lattebusche natúr joghurt	Lattebusche plain yoghurt
8000500023976	Raffaello	Raffaello
8000500082379	Nutella	Nutella
8000500119792	Kinder Pingui Coco	Kinder Pingui Coco
8000500220115	Kinder Pingui tejes-karamellás csokoládébevonattal	Kinder Pingui milk and caramel cake coated in chocolate
8000500267035	Ferrero Delice kakaós	Ferrero Delice cocoa
8000500350768	Kinder meglepetéstojás	Kinder Surprise egg
8001100064185	Balocco panettone csokoládécseppekkel	Balocco panettone with chocolate chips
8002590057756	Colussi Pan di Casa	Colussi Pan di Casa bread
8003340093000	Lindt tejcsokoládé pralinés lágyan olvadó töltelékkel	Lindt milk chocolate praline with smooth melting filling
8003340097916	Lindt tejcsokoládé praliné	Lindt milk chocolate pralines
8003490037800	Roberto szeletelt fehér kenyér	Roberto sliced white bread
8003490037909	Roberto teljes kiőrlésű kenyér olívaolajjal	Roberto wholegrain bread with olive oil
8003490038005	Roberto szeletelt durum kenyér	Roberto sliced durum bread
8003535022617	Witor golden	Witor golden chocolates
8003938008942	Dolce Italia tiramisu	Dolce Italia tiramisu
8004905774471	Bauli Ciao Cocco	Bauli Ciao Cocco
8005020007857	Gildo Rachelli tiramisu	Gildo Rachelli tiramisu
80052043	Tic Tac Fresh Mint	Tic Tac Fresh Mint
80052807	Kinder Paradiso	Kinder Paradiso
8006165418638	CasaRinaldi narancsos-csokoládés sütemény	CasaRinaldi orange chocolate cake
8006423468658	Sorini almás pite	Sorini apple pie
8007990404964	Hulala chantilly tejszínhab	Hulala chantilly whipped cream
8007990406982	Hulala tejtermék	Hulala dairy product
8008698024188	Schär gluténmentes többmagvas kenyér	Schär gluten-free multi-seed bread
8008698043325	Schär Pan Carré szeletelt kenyér	Schär Pan Carré sliced bread
8009004800496	Alce Nero bio müzlis keksz	Alce Nero organic muesli biscuits
8009140000552	Zuccato főtt savanyú káposzta	Zuccato cooked sauerkraut
8012400003620	Moro mozzarella	Moro mozzarella
80135876	Nutella	Nutella
80135944	Ferrero Pocket Coffee	Ferrero Pocket Coffee
8017490050943	Amadei Toscano gianduja csokoládé	Amadei Toscano gianduja chocolate
8017596068170	Dolciando töltött snack	Dolciando filled snack
8017596073990	Eurospin szilvalekvár extra	Eurospin extra plum jam
80176800	Nutella	Nutella
80177609	Kinder csokoládé	Kinder chocolate
8019315070341	Recla Wiener virsli	Recla Wiener sausages
8025579111645	Salati Preziosi wasabi chips	Salati Preziosi wasabi crisps
8031301883742	Polenghi szicíliai citromlé	Polenghi Sicilian lemon juice
8032974001501	Prix ricotta	Prix ricotta
8032974005028	Prix frollini keksz	Prix frollini biscuits
8033673050074	Pramstrahler Oktoberfest barna- és fehérkolbász	Pramstrahler Oktoberfest Bock and white sausages
80761761	Kinder Bueno White	Kinder Bueno White
80895237	Ferrero Nutella	Ferrero Nutella
8410376036169	Gullón gluténmentes Maria keksz	Gullón gluten-free Maria biscuits
8410376037784	Gullón szendvicskeksz	Gullón sandwich biscuits
8410376042481	Gullón szendvicskeksz – joghurtos	Gullón sandwich biscuits – yoghurt
8410376043686	Gullón Cuor di Cereale – klasszikus teljes kiőrlésű zabpehellyel	Gullón Cuor di Cereale – classic wholegrain with oat flakes
8410376047578	Gullón zabpelyhes keksz – narancsos	Gullón oat biscuits – orange
8410376050936	Gullón cukormentes tea keksz	Gullón sugar-free tea biscuits
8410376052633	Gullón Chip Choc keksz	Gullón Chip Choc biscuits
8410376064063	Gullón Choco Ring tejcsokoládés	Gullón Choco Ring milk chocolate biscuits
8445291867574	Balaton XXL	Balaton XXL wafer bar
8584004010200	Sedita Kávenky eredeti	Sedita Kávenky original
8584004041754	Moments csokoládés-kakaós keksz	Moments chocolate cocoa biscuits
8584004302701	Bombi	Bombi biscuits
8585000207243	Figaro csokoládés banán	Figaro chocolate-coated banana
8585002473578	Maggi leves	Maggi soup
8585002477866	Maggi óriás májgombócleves	Maggi giant liver dumpling soup
8585002478054	Maggi Jókai bableves	Maggi Jókai bean soup
8585002483287	Maggi palócleves	Maggi Palóc soup
8585002502452	Meggle sovány túró	Meggle low-fat curd cheese
8586000510760	Realnature görög joghurt – natúr	Realnature Greek yoghurt – plain
8586000513136	Realnature görög stílusú joghurt – light	Realnature Greek-style yoghurt – light
8586001543033	Milsy krémjoghurt áfonya ágyon	Milsy creamy yoghurt on blueberry base
8586021965204	Dr. Ensa mandula sós karamellás tejcsokoládéban	Dr. Ensa almonds in salted caramel milk chocolate
8586022774225	Minden nap Coop csemegeszalámi	Minden nap Coop delicatessen salami
8586022774683	Finonimo sertéssonka	Finonimo pork ham
8588000001767	Andante piskótatallér	Andante sponge rounds
8588006255966	Sajtrudacskák	Cheese sticks
8588007709253	Gym Beam pisztáciavaj	Gym Beam pistachio butter
8588008304976	Tauris vargányás szalámi szarvashússal	Tauris porcini salami with venison
8588009377795	Rio Ginger Shot – narancs	Rio Ginger Shot – orange
8590325278755	Bagetka	Small baguette
8593894803847	Belvita JóReggelt! – kakaós	Belvita Good Morning! – cocoa
8594000682318	Président camembert krém	Président camembert spread
8594001691128	Hamé pokoli marhás pirítós pástétom	Hamé hot beef pâté for toast
8594008040202	Pepsi	Pepsi
8594008045214	Pepsi Max	Pepsi Max
8594008278377	Tihany Sajtbisztró friss natúr habosított szendvicskrém	Tihany Sajtbisztró fresh plain whipped sandwich cream
8594013395199	Krásno Viktória szeletelt sonka	Krásno Viktória sliced ham
8594071650018	Marlenka mézes-diós torta	Marlenka honey walnut cake
8594199373554	Vilgain földimogyoróvaj-por	Vilgain peanut butter powder
8595002033320	Danone Actimel	Danone Actimel
8595043304854	Kókuszos müzliszelet	Coconut muesli bar
8595054904944	Fit rizskása – eper és vanília	Fit rice porridge – strawberry and vanilla
8595054907006	Fit rizskása – sós karamell és mandula	Fit rice porridge – salted caramel and almond
8595139719418	Hamé ördögi ínyenc marhahúspástétom	Hamé hot gourmet beef pâté
8595139719456	Hamé reggeli csípős marhahúspástétom	Hamé hot breakfast beef pâté
8595139738815	Hamé liba- és sertésmájas	Hamé goose and pork liver pâté
8595139738822	Hamé kacsa- és sertésmájas	Hamé duck and pork liver pâté
8595139778422	Hamé falusi sertésmájas	Hamé country pork liver pâté
8595139778446	Globus francia melegszendvicskrém	Globus French hot sandwich spread
8595139779191	Hamé ördögi pirítós keverék marhahússal	Hamé hot toast mix with beef
8595139789763	Globus pizzás melegszendvicskrém	Globus pizza hot sandwich spread
8595139789923	Globus zöldborsófőzelék pörkölttel	Globus green pea stew with meat stew
8595139789954	Globus pizzás melegszendvicskrém	Globus pizza hot sandwich spread
8595139797539	Hamé csiperkés zöldségpástétom	Hamé mushroom vegetable pâté
8595139797546	Hamé babos zöldségpástétom	Hamé bean vegetable pâté
8595139797553	Hamé zöldségtatár	Hamé vegetable tartare spread
8595139799540	Hamé libamájas	Hamé goose liver pâté
8595564510536	Bonavita Farmer és Sunny granola ropogós müzli	Bonavita Farmer and Sunny granola crunchy muesli
8595564511823	Bonavita müzli	Bonavita muesli
8595564512943	Bonavita tönköly búzapehely	Bonavita spelt wheat flakes
8595564523260	Bonavita Protein Fit müzli – csokoládé és mandula	Bonavita Protein Fit muesli – chocolate and almond
8595588201083	Dairy 4 Fun tejes snack	Dairy 4 Fun milk snack
8595606205925	NutLine földimogyoró, extra pörkölt	NutLine peanuts, extra roasted
8595617901038	Natural Jihlava quinoapehely	Natural Jihlava quinoa flakes
8595643802859	Miil félzsíros túró	Miil semi-fat curd cheese
8595643805102	Pappudia almalé	Pappudia apple juice
8595643805768	Pappudia tonhalkrém	Pappudia tuna spread
8595643814005	Parmigiano Reggiano	Parmigiano Reggiano
8595646206913	Tiger Hyper Thunder energiaital	Tiger Hyper Thunder energy drink
8595685228914	Mixit Creme Boule – pisztácia	Mixit Creme Boule – pistachio
8596690005217	Bery Jones pörkölt mandula tejcsokoládéban fahéjjal	Bery Jones roasted almonds in milk chocolate with cinnamon
8600939507667	Stark Smoki eredeti földimogyorós kukoricasnack	Stark Smoki original peanut corn snack
8606011898951	Ribella ajvároshummusz	Ribella ajvar hummus
8606012185067	Benlian narancsos puffasztott rizsszelet csokoládéba mártva	Benlian orange puffed rice bar dipped in chocolate
8682392710839	Chiko Surprise	Chiko Surprise
8698701040849	Eilt The Taste of Dubai csokoládé	Eilt The Taste of Dubai chocolate
8710411045263	BCD földimogyoróvaj	BCD peanut butter
8710522976876	Hellmann cheddar szósz	Hellmann cheddar sauce
8710671003232	Spar étcsokoládés keksz	Spar dark chocolate biscuits
8710671090232	Spar tortilla chips – sajtos nacho	Spar tortilla chips – nacho cheese
8710671145598	Spar tortilla wrap – eredeti	Spar tortilla wraps – original
8710908942631	Knorr Fix chili con carne alap	Knorr Fix chili con carne mix
8710912048961	Frico edami sajt – mild	Frico Edam cheese – mild
8710912049012	Frico light gouda sajt	Frico light Gouda cheese
8710912109815	Frico eredeti gouda – mild	Frico original Gouda – mild
8710912702382	Frico eredeti maasdam	Frico original Maasdam
8711000430439	Milka cappuccino – csokoládés	Milka cappuccino – chocolate
8711327339415	Solero mangós fagylalt	Solero mango ice lolly
8711327535268	Magnum vegán mini	Magnum vegan mini
8711327616332	Carte d Or csokoládés brownie fagylalt	Carte d Or chocolate brownie ice cream
8711327625655	Smile fagyi – eper ízű	Smile ice cream – strawberry
8711393004125	Fresh Care csirkesaláta	Fresh Care chicken salad
8712100328985	Knorr sajtkrémleves brokkolival	Knorr cream of cheese soup with broccoli
8712100857645	Magnum mini dupla mogyoróvajas jégkrém	Magnum mini double peanut butter ice cream
8712100867682	Knorr csirkekrémleves	Knorr cream of chicken soup
8712566118663	Carte d Or csokoládés-meggyes fagylalt	Carte d Or chocolate cherry ice cream
8712566205479	Knorr májgombócleves csigatésztával	Knorr liver dumpling soup with noodles
8712566328352	Magnum Classic jégkrém	Magnum Classic ice cream bar
8714100581810	Algida Big Milk vaníliás jégkrém	Algida Big Milk vanilla ice cream
8714100659922	Magnum mandulás jégkrémtölcsér	Magnum almond ice cream cone
8719200003217	Rama Classic margarin	Rama Classic margarine
8719200013513	Flora margarin	Flora margarine
8719200013896	Flora margarin	Flora margarine
8719200021013	Flora Original növényi kenhető zsír	Flora Original plant-based spread
8719200098541	Flora növényi kenhető zsír	Flora plant-based spread
8719200114999	Rama vajízű margarin	Rama buttery margarine
8719200115033	Rama margarin	Rama margarine
8719200196261	Flora Original Omega 3 és 6	Flora Original Omega 3 and 6
8719200198838	Rama kocka margarin	Rama block margarine
8719200198869	Rama sütőmargarin	Rama baking margarine
8719200251328	Delma joghurtos margarin	Delma margarine with yoghurt
8719200265097	Rama margarin	Rama margarine
8719200267503	Flora Original margarin	Flora Original margarine
8721008880068	Yummy Yummy csokoládéval bevont rudacska	Yummy Yummy chocolate-coated sticks
8723400948377	Győri Negro méz	Győri Negro honey sweets
8935311171045	Vifon tésztás leves	Vifon noodle soup
9000331604275	Manner Original Neapolitaner ostya	Manner Original Neapolitan wafers
9000331607719	Manner Snack Minis – tej-kakaó	Manner Snack Minis – milk and cocoa
9001395807015	Hauswirth csokoládés banán	Hauswirth chocolate banana
9001495091291	Up&Go Squeezer bio zabkása	Up&Go Squeezer organic porridge
90020421	Rauch Happy Day almalé	Rauch Happy Day apple juice
9002100023874	Nesquik csokoládészirup	Nesquik chocolate syrup
90027066	Rauch Happy Day 100% narancslé	Rauch Happy Day 100% orange juice
9002859099175	Only vajas keksz	Only butter cookies
9002975472814	Haribo Quaxi	Haribo Quaxi
9006371009001	Marilussy földimogyoróvaj, krémes	Marilussy peanut butter, smooth
9006900205652	Pfanner bio narancslé	Pfanner organic orange juice
9006900207717	Aldi Pfanner feketeáfonya ital 25%	Aldi Pfanner blueberry drink 25%
9008700106665	Rauch Happy Day 100% narancslé	Rauch Happy Day 100% orange juice
9008700108393	Rauch Happy Day gyümölcslé	Rauch Happy Day fruit juice
9008700112505	Rauch Happy Day 100% almalé	Rauch Happy Day 100% apple juice
9008700146982	Rauch Happy Day 100% multivitamin – piros gyümölcsök	Rauch Happy Day 100% multivitamin – red fruits
9008700176491	Almalé	Apple juice
9008700176514	Purissima narancslé	Purissima orange juice
9008700179003	Hey Ho almaital	Hey Ho apple drink
9008700184205	Hey Ho meggyital 12%	Hey Ho sour cherry drink 12%
9008700227414	Rauch Happy Day Immun Power	Rauch Happy Day Immun Power juice
90087066	Rauch Happy Day 100% narancslé	Rauch Happy Day 100% orange juice
9009865007002	Clever mini földimogyoró csokoládéban	Clever mini chocolate peanuts
9019100541109	Good Milk joghurtital	Good Milk yoghurt drink
9019100556608	Good Milk Aktiv ital	Good Milk Aktiv drink
90311277	Kézzel készített tortellini bolognai	Handmade tortellini bolognese
90331701	Fanta Shokata	Fanta Shokata
90384066	Dancing Cow tejes snack – csokoládé	Dancing Cow milk snack – chocolate
90426230	Milka Choco Snack	Milka Choco Snack
9044400808102	Pez szőlőcukorka	Pez dextrose sweets
9044400823488	Pez gyümölcsízű cukorka	Pez fruit-flavoured sweets
9044400823839	Pez cukorka	Pez sweets
90492969	Kinley Ginger Ale	Kinley Ginger Ale
9100000009681	Spar skyr	Spar skyr
9100000034843	Spar narancslé gyümölcshússal	Spar orange juice with pulp
9100000037486	Natur pur bio kuszkusz	Natur pur organic couscous
9100000038803	S-Budget Mega-Bar tejcsokoládé	S-Budget Mega-Bar milk chocolate
9100000043302	S-Budget zabpehely	S-Budget oat flakes
9100000087450	Spar Riffel chips – sós	Spar Riffel crisps – salted
9100000087504	Spar Riffel chips – paprikás	Spar Riffel crisps – paprika
9100000448855	Spar bio rozs teljes kiőrlésű kenyér lenmaggal	Spar organic wholegrain rye bread with linseed
9100000545448	Spar kakaókrém	Spar cocoa cream
9100000757070	Spar tejcsokoládés rizs	Spar milk chocolate rice
9100000757377	S-Budget narancslé	S-Budget orange juice
9100000758671	Spar Whole Nut csokoládé	Spar Whole Nut chocolate
9100000758800	Despar mascarpone	Despar mascarpone
9100000760582	S-Budget Conte csokoládé	S-Budget Conte chocolate
9100000819099	Spar étcsokoládé	Spar dark chocolate
9100000819136	S-Budget duo kakaókrém	S-Budget duo cocoa cream
9100000832906	Spar kukoricapehely	Spar cornflakes
9100000834184	Natur pur bio tönkölymorzsa	Natur pur organic spelt breadcrumbs
9100000838021	Spar 100% almalé	Spar 100% apple juice
9100000847009	S-Budget kukoricapehely	S-Budget cornflakes
9100000863764	Spar Free From natúr joghurt 1,8%	Spar Free From plain yoghurt 1.8%
9100000864488	S-Budget készre sütendő zsemle	S-Budget bake-off rolls
9100000890111	Spar direkt préselt alma-bogyós gyümölcslé	Spar directly pressed apple and berry juice
9100000900094	Spar mogyorókrémes mignon	Spar hazelnut cream mignon
9100000974736	Spar tonhalsaláta	Spar tuna salad
9120025833726	Bakery d'Oro tiramisu krémes piskóta	Bakery d'Oro sponge cake with tiramisu cream
9120025838769	Müller csokoládétöltelékes puffos szelet	Müller puffed bar with chocolate filling
9120025838783	Müller mogyorótöltelékes puffos szelet	Müller puffed bar with hazelnut filling
9120025838806	Müller kókusz-pisztáciatöltelékes puffos szelet	Müller puffed bar with coconut-pistachio filling
9120025838981	Choco Nut Snack tejes-kakaós-mogyorókrémes	Choco Nut Snack with milk and cocoa-hazelnut cream
9120132066529	Microdrink szeder ital	Microdrink blackberry drink
92167957	Orsi libamáj pástétom pirított dióval	Orsi goose liver pâté with toasted walnuts
95506678	Telly vegetáriánus majonézes snack	Telly vegetarian mayo snack
99558741	Spar dán szalámi	Spar Danish salami
