00000118	Tejsavófehérje	Whey protein
00000161	Vegán fehérjepor – bio	Organic vegan protein powder
00000167	Vegán fehérje – erdei gyümölcs	Vegan Protein – Forest fruit
00000180	Gold Standard 100% Whey	Gold Standard 100% Whey
00000184	Melody	Melody
00000197	Clear Whey Isolate	Clear Whey Isolate
00001133	Clear Whey Isolate – alma	Clear Whey Isolate – Apple
00001438	Tejsavófehérje	Whey protein
00001657	Fehérjetészta	Protein pasta
00001681	Vegán fehérje – áfonya muffin	Vegan Protein – Blueberry muffin
00001746	Tejsavófehérje – epazote	Whey protein – epazote
00001795	Vegán fehérje – vanília-karamell	Vegan protein – vanilla caramel
00001841	Tejsavófehérje	Whey protein
00002992	Tejsavófehérje – vaníliafagylalt	Whey protein – Vanilla ice cream
00007271	Gold Standard 100% Whey	Gold Standard 100% Whey
00010019	Protein-6 – keksz-krém	Protein-6 – Cookies & cream
0001003308851	Fehérjeszelet – csokoládé toffee brownie	Protein bar – Chocolate toffee brownie
00012163	Tejsavófehérje – banán	Whey protein – Banana
00012164	Tejsavófehérje – vanília	Whey protein – Vanilla
00012166	Protein-6 – keksz-krém	Protein-6 – cookies & cream
00013201	Gold Standard 100% Casein	Gold Standard 100% Casein
00014376	Pure Muscle Gainer	Pure Muscle Gainer
00014399	Tejsavófehérje	Whey protein
00027640	Protein Coffee – vanília latte	Protein Coffee – vanilla latte
00040807	Whey Gourmet Series	Whey Gourmet Series
0004892705911	Gold Standard 100% Whey – extrém tejcsokoládé	Gold Standard 100% Whey – Extreme milk chocolate
00100119	Tejsavófehérje-izolátum – szója vanília	Whey protein isolate – Soy vanilla
00121637	Tejsavófehérje	Whey protein
00143297	Tejsavófehérje-izolátum – tiszta	Whey protein isolate – Pure
00174005	Tejsavófehérje	Whey protein
00197038	ISO Whey Zero	ISO Whey Zero
0046605003664	Protein Delight – sós mogyoró karamell	Protein Delight – Salty peanut caramel
0046605010815	Tejsavófehérje	Whey protein
0046605010952	Vegán fehérje	Vegan Protein
0046605131275	Protein Layer – vegán brownie	Protein Layer – Vegan brownie
0057823890318	Premium Whey – csokoládé-nugát	Premium Whey – chocolate nougat
0089501065404	Gold Standard 100% Whey	Gold Standard 100% Whey
0096755990918	Fehérjeszelet – csokoládé karamell habosított	Protein bar – Chocolate caramel whipped
0097421170092	Protein Plus – csokoládé ropogós	Protein Plus – Chocolate crisp
0097421490107	Protein Plus – csokoládé brownie	Protein Plus – Chocolate brownie
0097421501964	Plant Protein Nourishing Snack Bar	Plant Protein Nourishing Snack Bar
0097421960402	Protein Plus	Protein Plus
0097421960433	Protein Plus	Protein Plus
0099005671223	Tejsavófehérje	Whey protein
01001215	Protein-6 – palacsinta	Protein-6 – Pancakes
0104249970688	Protein Plus – csokoládés brownie	Protein Plus – Chocolate brownie
01248890	Clear Whey Isolate – narancs	Clear Whey Isolate – Orange
02964478	Protein Plus	Protein Plus
03809587	Jelly Energy Bar – zselés energiaszelet	Jelly energy bar
0402967445864	Fehérjeszelet – vanília málna	Protein bar – Vanilla raspberry
0425590283808	High Protein mousse – csokoládé	High Protein mousse – Chocolate
0444463978467	Gold Standard 100% Whey	Gold Standard 100% Whey
0444469988620	Fehérjeszelet – ropogós	Protein bar – Crispy
0449516953064	Fehérjeszelet	Protein bar
0507012214888	Fehérjetermék	Protein product
05160721	ISO Whey Zero	ISO Whey Zero
05322017	Vegán fehérje	Vegan Protein
05395907	Fehérjeszelet	Protein bar
0559075523988	Fehérjeszelet	Protein bar
0584444632077	Fehérjeszelet – kókusz	Protein bar – Coconut
0634158641497	Protein Pancake	Protein Pancake
0644384893300	Tejsavófehérje-izolátum – hidrolizált vanília	Whey protein isolate – Hydrolysed vanilla
0709027059113	Gold Standard 100% Whey – extrém tejcsokoládé	Gold Standard 100% Whey – Extreme milk chocolate
0726500011833	Tejsavófehérje – vanília	Whey protein – Vanilla
0728633100996	100% Whey Protein Professional – cappuccino	100% Whey Protein Professional – Cappuccino
0728633101016	100% Whey Protein Professional – banán	100% Whey Protein Professional – Banana
0728633101719	100% Whey Protein Professional – méz	100% Whey Protein Professional – Honey
0728633102068	100% Whey Protein Professional	100% Whey Protein Professional
0728633102389	100% Whey Protein Professional – eper	100% Whey Protein Professional – Strawberry
0728633103324	100% Whey Protein Professional LS	100% Whey Protein Professional LS
0728633103638	100% Whey Isolate – eper	100% Whey Isolate – Strawberry
0728633103706	Tejsavófehérje	Whey protein
0728633103720	Tejsavófehérje – fehér csokoládé	Whey protein – White chocolate
0728633103805	Zero Isogreat – vanília	Zero Isogreat – Vanilla
0728633103935	Casein Night Pro – csokoládé	Casein Night Pro – Chocolate
0728633104116	Volumass 35	Volumass 35
0728633104215	100% Whey Isolate – málna	100% Whey Isolate – Raspberry
0728633104611	Tejsavófehérje – mogyoróvaj	Whey protein – Peanut butter
0728633105212	Tejsavófehérje – csokoládé menta	Whey protein – Chocolate mint
0728633105274	Tejsavófehérje – rocky road	Whey protein – Rocky road
0728633105557	Tejsavófehérje – vanília bogyós gyümölcs	Whey protein – Vanilla very berry
0728633105618	Tejsavófehérje	Whey protein
0728633105663	100% Whey Protein Professional – csokoládé	100% Whey Protein Professional – chocolate
0728633105908	Tejsavófehérje – eper	Whey protein – Strawberry
0728633105960	Tejsavófehérje	Whey protein
0728633106028	Tejsavófehérje	Whey protein
0728633106059	Tejsavófehérje – fehér csokoládé	Whey protein – White chocolate
0728633106219	100% Whey Protein Professional	100% Whey Protein Professional
0728633106394	100% Whey Isolate – csokoládé	100% Whey Isolate – Chocolate
0728633107872	Tejsavófehérje – csokoládé	Whey protein – Chocolate
0728633108121	100% Casein Complex – belga csokoládé	100% Casein Complex – Belgian chocolate
0728633108350	100% Whey Complex	100% Whey Complex
0728633108367	100% Casein Complex	100% Casein Complex
0728633108374	100% Casein Complex	100% Casein Complex
0728633108428	100% Casein Complex	100% Casein Complex
0728633108732	Oat N Whey	Oat N Whey
0728633109630	100% Whey Protein Professional	100% Whey Protein Professional
0728633109692	100% Whey Protein Professional	100% Whey Protein Professional
0728633109784	Warrior Juice	Warrior Juice
0728633109906	Whey Blast – csokoládé	Whey Blast – Chocolate of
0728633110643	Tejsavófehérje	Whey protein
0728633110674	100% Whey Protein Professional	100% Whey Protein Professional
0728633110735	100% Whey Protein Professional	100% Whey Protein Professional
0728633110988	Tejsavófehérje	Whey protein
0728633111176	Tejsavófehérje	Whey protein
0728633111213	Protein Pancake – natúr	Protein Pancake – Natural
0728633111510	100% Whey Protein Professional – csokoládé kókusz	100% Whey Protein Professional – Chocolate coconut
0744652013567	Whey 100 Iso Pure	Whey 100 Iso Pure
0748927022322	Tejsavófehérje	Whey protein
0748927022346	Gold Standard 100% Whey	Gold Standard 100% Whey
0748927023015	Serious Mass – eper	Serious Mass – Strawberry
0748927023824	Serious Mass – nagy fehérjetartalmú tömegnövelő por	Serious Mass – high protein weight gain powder
0748927024289	Gold Standard 100% Casein	Gold Standard 100% Casein
0748927026245	Gold Standard 100% Whey	Gold Standard 100% Whey
0748927026290	Tejsavófehérje	Whey protein
0748927026429	Platinum Hydro Whey – turbó csokoládé	Platinum Hydro Whey – Turbo chocolate
0748927027068	Gold Standard 100% Whey – csokoládé kókusz	Gold Standard 100% Whey – Chocolate coconut
0748927027211	Tejsavófehérje	Whey protein
0748927027266	Gold Standard 100% Whey – natúr csokoládé	Gold Standard 100% Whey – Natural chocolate
0748927027877	Tejsavófehérje – rocky road	Whey protein – Rocky road
0748927028676	Gold Standard 100% Whey	Gold Standard 100% Whey
0748927029710	Gold Standard Pro Gainer	Gold Standard Pro Gainer
0748927029758	Gold Standard Pro Gainer – vaníliás krém	Gold Standard Pro Gainer – vanilla custard
0748927029864	Tejsavófehérje – eper banán	Whey protein – Strawberry banana
0748927029871	Tejsavófehérje	Whey protein
0748927046984	Tejsavófehérje – fahéjas csiga	Whey protein – Cinnamon roll
0748927050929	Gold Standard 100% Whey	Gold Standard 100% Whey
0748927050943	Gold Standard 100% Whey	Gold Standard 100% Whey
0748927050967	Gold Standard 100% Whey	Gold Standard 100% Whey
0748927050998	Gold Standard 100% Whey – extrém tejcsokoládé	Gold Standard 100% Whey – Extreme milk chocolate
0748927051155	Gold Standard 100% Whey	Gold Standard 100% Whey
0748927051162	Gold Standard 100% Whey – keksz-krém	Gold Standard 100% Whey – Cookies & cream
0748927051254	Gold Standard 100% Whey	Gold Standard 100% Whey
0748927051711	Performance Whey – izolátum	Performance Whey – isolate
0748927052039	Pro Complex – csokoládé	Pro Complex – Chocolate
0748927052411	Gold Standard 100% Whey	Gold Standard 100% Whey
0748927052671	Gold Standard 100% Whey	Gold Standard 100% Whey
0748927052831	Optibar	Optibar
0748927054217	Tejsavófehérje – dupla csokoládé	Whey protein – Double rich chocolate
0748927054446	Gold Standard 100% Whey	Gold Standard 100% Whey
0748927054453	Gold Standard 100% Whey	Gold Standard 100% Whey
0748927054538	Tejsavófehérje – vaníliafagylalt	Whey protein – Vanilla ice cream
0748927054545	Gold Standard 100% Whey – vaníliafagylalt	Gold Standard 100% Whey – Vanilla ice cream
0748927055665	Tejsavófehérje – extrém tejcsokoládé	Whey protein – Extreme milk chocolate
0748927055764	Gold Standard 100% Whey	Gold Standard 100% Whey
0748927056372	Gold Standard 100% Whey	Gold Standard 100% Whey
0748927056587	Növényi fehérjepor	Plant-based protein powder
0748927058130	Tejsavófehérje-izolátum – vanília	Whey protein isolate – Vanilla
0748927059106	Gold Standard 100% Whey	Gold Standard 100% Whey
0748927059663	Gold Standard 100% Whey	Gold Standard 100% Whey
0748927060133	Fehérjepor	Protein powder
0748927060201	Gold Standard 100% Whey	Gold Standard 100% Whey
0748927060676	Tejsavófehérje	Whey protein
0748927060751	Tejsavófehérje-izolátum	Whey protein isolate
0748927060928	Gold Standard 100% Isolate	Gold Standard 100% Isolate
0748927061062	Protein Wafers – fehérjeostya	Protein wafers
0748927061079	Protein Wafer – fehérjeostya	Protein wafer
0748927061239	Gold Standard 100% Isolate – gazdag vanília	Gold Standard 100% Isolate – Rich vanilla
0748927061246	Gold Standard 100% Isolate	Gold Standard 100% Isolate
0748927062915	Tejsavófehérje – eper és krém	Whey protein – Strawberry and cream
0748927063134	Gold Standard 100% Isolate	Gold Standard 100% Isolate
0748927063370	Gold Standard 100% Whey	Gold Standard 100% Whey
0748927063769	Serious Mass	Serious Mass
0748927065701	Gold Standard 100% Whey – vaníliafagylalt	Gold Standard 100% Whey – Vanilla ice cream
0748927065725	Tejsavófehérje	Whey protein
0748927065794	Gold Standard 100% Whey – vaníliafagylalt	Gold Standard 100% Whey – Vanilla ice cream
0748927065947	Tejsavófehérje – csokoládé mogyoróvaj	Whey protein – Chocolate peanut butter
0748927066203	Platinum Hydro Whey	Platinum Hydro Whey
0748927066753	Gold Standard 100% Whey – dupla csokoládé	Gold Standard 100% Whey – Double rich chocolate
0748927066784	Platinum Hydro Whey – turbó csokoládé	Platinum Hydro Whey – Turbo chocolate
0748927067873	Tejsavófehérje	Whey protein
0748927067880	Whey Gourmet Series	Whey Gourmet Series
0748927067897	Tejsavófehérje	Whey protein
0748927067958	Gold Standard 100% Whey	Gold Standard 100% Whey
0748927067965	Gold Standard 100% Whey	Gold Standard 100% Whey
0748927068023	Gold Standard 100% Plant Protein	Gold Standard 100% Plant Protein
0748927068054	Fehérjepor – gazdag csokoládé-fudge	Protein powder – rich chocolate fudge
0748927068269	Amino Energy – hidratáló bogyós gyümölcs	Amino Energy – hydration berry burst
0748927068290	Whey Gourmet Series	Whey Gourmet Series
0748927068344	Fehérjepor – dupla csokoládé	Protein powder – double chocolate
0748927068719	Platinum Hydro Whey	Platinum Hydro Whey
0748927068733	Platinum Hydro Whey – turbó csokoládé	Platinum Hydro Whey – Turbo chocolate
0748927068801	Gold Standard 100% Whey – dupla csokoládé	Gold Standard 100% Whey – Double rich chocolate
0748927068856	Gold Standard 100% Whey	Gold Standard 100% Whey
0748927068962	Gold Standard 100% Whey	Gold Standard 100% Whey
0748927068979	Gold Standard 100% Whey – karamell macchiato	Gold Standard 100% Whey – Caramel macchiato
0748927068986	Gold Standard 100% Whey – gyümölcsös gabonapehely	Gold Standard 100% Whey – Fruity cereal
0748927068993	Gold Standard 100% Whey – gyümölcsös gabonapehely	Gold Standard 100% Whey – Fruity cereal
0748927069020	Fehérjeturmix – krémes csokoládé turmix	Protein shake – Creamy chocolate milkshake
0748927069181	Gold Standard 100% Whey – eper	Gold Standard 100% Whey – Strawberry
0748927069440	Gold Standard 100% Whey – extrém tejcsokoládé	Gold Standard 100% Whey – Extreme milk chocolate
0748927069549	Gold Standard 100% Plant Protein – gazdag csokoládé fudge	Gold Standard 100% Plant Protein – Rich chocolate fudge
0748927069600	Gold Standard 100% Whey – csokoládé	Gold Standard 100% Whey – chocolate
0748927069709	Gold Standard 100% Whey – dupla csokoládé	Gold Standard 100% Whey – Double rich chocolate
0748927069792	Essential Amino Energy – kék málna	Essential Amino Energy – blue raspberry
0748927069808	Mikronizált kreatin por	Micronized creatine powder
0748927069853	Tejsavófehérje	Whey protein
0748927069860	Tejsavófehérje	Whey protein
0748927069877	Tejsavófehérje – gyümölcsös gabonapehely	Whey protein – Fruity cereal
0748927069884	Tejsavófehérje – fahéjas csiga	Whey protein – Cinnamon roll
0748927069945	Tejsavófehérje	Whey protein
0748927070019	Gold Standard 100% Whey	Gold Standard 100% Whey
0748927070033	Gold Standard 100% Whey – s'mores	Gold Standard 100% Whey – S'mores
0748927070132	Tömegnövelő por	Mass gainer
0748927070545	Fehérjepor – fahéjas csiga	Protein powder – cinnamon roll
0748927070873	Gold Standard 100% Whey	Gold Standard 100% Whey
0748927070897	Kreatin	Creatine
0748927071092	Whey Gourmet Series – keksz-krém	Whey Gourmet Series – Cookies & cream
0748927071542	Tejsavófehérje	Whey protein
0748927071771	Pro Quench	Pro Quench
0748927071788	Pro Quench – eper	Pro Quench – strawberry splash
0748927071818	Pro Quench – tiszta fehérje, kollagén és elektrolit por	Pro Quench – clear protein, collagen & electrolyte powder
0748927071894	Gold Standard 100% Whey – alphonso mangó	Gold Standard 100% Whey – Alphonso mango
0748927071931	Gold Standard 100% Isolate	Gold Standard 100% Isolate
0748927071948	Gold Standard 100% Isolate – banán krém	Gold Standard 100% Isolate – Banana cream
0748927072037	Gold Standard 100% Whey	Gold Standard 100% Whey
0748927072327	Tejsavófehérje – eper és krém	Whey protein – Strawberry & cream
0748927609486	Gold Standard 100% Casein – krémes vanília	Gold Standard 100% Casein – Creamy vanilla
0748927632484	Gold Standard 100% Whey – eper	Gold Standard 100% Whey – Strawberry
0748927959277	Fehérjés süteményfalatok – csokoládémázas fánk	Protein cake bites – chocolate frosted donut
0748927967913	Tejsavófehérje	Whey protein
0748947027352	Gold Standard 100% Whey	Gold Standard 100% Whey
0769596163000	Zero Bar	Zero Bar
0850056126236	Gold Standard 100% Whey – dupla csokoládé	Gold Standard 100% Whey – Double rich chocolate
0911585249060	ISO Whey Zero Clear – barackos jegestea	ISO Whey Zero Clear – peach iced tea
0966070161266	Fehérjeszelet – dupla csokoládé	Protein bar – Double chocolate
0999035410352	Zero Bar	Zero Bar
0999075423695	Protein Power	Protein Power
0999930038170	Pure Whey	Pure Whey
12221729	Whey-Pro Fusion	Whey-Pro Fusion
14141928	Tejsavófehérje – krém	Whey protein – Cream
14216123	Kazein	Casein
15234452	Tejsavófehérje	Whey protein
16049994	Fehérjesnack	Protein snack
17521871	PowerBar fehérjeszelet	PowerBar protein bar
17683999	Gold Standard 100% Whey – vaníliafagylalt	Gold Standard 100% Whey – Vanilla ice cream
18917994	High Protein – snack	High Protein – Snack
19593111	Protein 80 Plus – stracciatella	Protein 80 Plus – Stracciatella
19770112	Zero Bar	Zero Bar
2000000104285	Whey Protein Complex – tejsavófehérje-komplex	Whey Protein Complex
2000000149791	100% Whey Isolate	100% Whey Isolate
2000000149792	Protein Power	Protein Power
2036725695984	Szója-izolátum fehérjepor – sajtos	Soy isolate protein powder – cheese
20955427	Fehérjeszelet – túró	Protein bar – quark
21179792	Protein Coffee – vanília latte	Protein Coffee – vanilla latte
2921430083372	Pure Whey Isolate 95	Pure Whey Isolate 95
2947430099076	Fehérjeszelet – mangó	Protein bar – mango
2999876236317	Fehérjeszelet – pisztácia	Protein bar – pistachio
3537560223152	Fehérjetészta	Protein noodles
36753161	100% Casein Complex	100% Casein Complex
4002002989037	High Protein mousse – vanília	High Protein mousse – Vanilla
4002071097602	High Protein – vanília és öntet	High Protein – Vanilla & topping
4002971207309	High Protein mousse – citrom	High Protein mousse – Lemon
4002971207804	High Protein mousse – maracuja	High Protein mousse – Passion fruit
4002971243000	High Protein	High Protein
4002971243307	High Protein – csokoládé kókusz	High Protein – Chocolate coconut
4002971244502	High Protein búzadara puding – natúr	High Protein semolina pudding – natural
4002971246803	High Protein puding – banán	High Protein pudding – Banana
4002971247596	High Protein – csokoládé	High Protein – Chocolate
4002971277005	High Protein – banán és csokoládé öntet	High Protein – Banana & chocolate topping
4002971280708	High Protein puding – csokoládé	High Protein pudding – Chocolate
4002971283402	High Protein mousse – mogyoró	High Protein mousse – Hazelnut
4002971286601	High Protein mousse – fehér csokoládé ízű	High Protein mousse – White chocolate style
4002971303506	High Protein puding – karamell	High Protein pudding – Caramel
4002971303605	High Protein puding – étcsokoládé és menta	High Protein pudding – Dark chocolate & mint
4002971303902	High Protein puding – csokoládé és kókusz	High Protein pudding – Chocolate & coconut
4002971341904	High Protein ital – csokoládé	High Protein drink – Chocolate
4002971368000	High Protein ital – kreatin pisztácia	High Protein drink – Creatine pistachio
4002971369809	High Protein szelet – kreatin mogyoró karamell csokoládé	High Protein bar – Creatine peanut caramel chocolate
4002971453300	High Protein joghurt – málna gránátalma	High Protein yoghurt – Raspberry pomegranate
4002971453409	High Protein joghurt	High Protein yoghurt
4002971453607	High Protein – ananász	High Protein – Pineapple
4002971454208	High Protein joghurt – alma-zab	High Protein yoghurt – apple oat
4002971454307	High Protein joghurt	High Protein yoghurt
4002971454703	High Protein joghurt – stracciatella	High Protein yoghurt – Stracciatella
4002971455205	High Protein – mangó	High Protein – Mango
4006643010068	Protein Fit	Protein Fit
4006643010402	Fehérjeturmix	Protein shake
4006643010426	Fehérjeturmix	Protein shake
4006643010440	Fehérjeturmix	Protein shake
4006643010815	Fehérjeturmix – csokoládé	Protein shake – Chocolate
4006643010839	Fehérjeturmix	Protein shake
4006643010891	Fehérjeturmix – banántej	Protein shake – Banana milk
4006643010952	Vegán fehérje	Vegan Protein
4006643010976	Creamy Protein Shake – vanília	Creamy Protein Shake – Vanilla
4006643010990	Creamy Protein Shake	Creamy Protein Shake
4006643011010	Creamy Protein Shake	Creamy Protein Shake
4006643011034	Creamy Protein Shake	Creamy Protein Shake
4006643011072	Creamy Protein Shake	Creamy Protein Shake
4006643011263	Tejsavófehérje – gazdag csokoládé	Whey protein – Rich chocolate
4006643011348	Tejsavófehérje	Whey protein
4006643011461	Protein Shake – cookies & cream	Protein Shake – cookies & cream
4006643011508	Protein Layer – vegán sós karamell	Protein Layer – Vegan salted caramel
4006643011812	Protein Layer – fehér csokoládé eper	Protein Layer – White chocolate strawberry
4006643101346	Formula 80 – fehérjekomplex	Formula 80 – protein complex
4006643103043	Protein 90 – vanília	Protein 90 – Vanilla
4006643113318	Pure Whey	Pure Whey
4006643113424	Pure Whey	Pure Whey
4006643113523	Tejsavófehérje	Whey protein
4006643113820	Pure Whey	Pure Whey
4006643113844	Pure Whey	Pure Whey
4006643113929	Pure Whey	Pure Whey
4006643121443	Vegán fehérje – vanília	Vegan Protein – Vanilla
4006643123713	Massa Gainer – tömegnövelő	Mass gainer
4006643130186	Power Pack Classic – tej	Power Pack Classic – milk
4006643131176	Protein Layer – vegán mogyoróvaj	Protein Layer – Vegan peanut butter
4006643131275	Protein Layer – vegán brownie	Protein Layer – Vegan brownie
4006643132678	Protein Layer – fehér csokoládé sós mandula	Protein Layer – White chocolate salty almond
4006643132876	Protein Layer – keksz-krém	Protein Layer – Cookies & cream
4006643132975	Protein Layer – fehér csokoládé eper	Protein Layer – White chocolate strawberry
4006643133279	50% Protein Bar – kókusz	50% Protein Bar – coconut
4006643135075	53% Protein Bar	53% Protein Bar
4006643135174	53% Protein Bar – cookies & cream	53% Protein Bar – cookies & cream
4006643135273	High Protein szelet – kókusz	High Protein bar – Coconut
4006643135372	Fehérjeszelet	Protein bar
4006643135471	Protein Boost – keksz-krém	Protein Boost – Cookies & cream
4006643135570	Protein Boost	Protein Boost
4006643136478	Protein Fit	Protein Fit
4006643136577	Protein Fit	Protein Fit
4006643138373	Protein Delight	Protein Delight
4006643138878	Protein Delight	Protein Delight
4006643142639	Fehérjeturmix	Protein shake
4006643146132	Protein Fit	Protein Fit
4006643170441	Multicarbo Gel – citrom	Multicarbo Gel – Lemon
4006643170540	Multicarbo Gel Isomaltose – narancs	Multicarbo Gel Isomaltose – orange
4006643977781	Protein Delight	Protein Delight
4006643983379	Protein Layer	Protein Layer
4029679112247	Protein Plus	Protein Plus
4029679320017	Energize – csokoládé	Energize – Chocolate
4029679320048	Fehérjeszelet	Protein bar
4029679350014	Natural Energy – gabonaszelet	Natural Energy – cereal bar
4029679350021	Natural Energy – gabonaszelet	Natural Energy – cereal bar
4029679350083	Natural Energy – gyümölcsszelet – alma	Natural Energy – fruit bar – apple
4029679350090	Natural Energy – gyümölcsszelet	Natural Energy – fruit bar
4029679350199	Energy Fruit Bar – gyümölcsszelet	Energy fruit bar
4029679365018	Ride Energy – mogyoró-karamell	Ride Energy – peanut caramel
4029679365025	Ride Energy + Magnézium	Ride Energy + Magnesium
4029679365216	Ride Energy	Ride Energy
4029679365223	Ride Energy – csokoládé karamell	Ride Energy – Chocolate caramel
4029679370036	Protein Plus	Protein Plus
4029679370043	30% Protein Plus – karamell	30% Protein Plus – caramel
4029679380011	Fehérjeszelet	Protein bar
4029679380035	Energize C2MAX – banán	Energize C2MAX – banana
4029679380042	Fehérjeszelet	Protein bar
4029679445833	Kazein – vanília málna	Casein – Vanilla raspberry
4029679445864	Protein Plus	Protein Plus
4029679500211	PowerGel Shots – kóla	PowerGel Shots – cola
4029679500235	PowerGel Shots – narancs	PowerGel Shots – orange
4029679500242	PowerGel	PowerGel
4029679520011	Protein Plus 30% – vanília-kókusz	Protein Plus 30% – vanilla coconut
4029679520028	Protein Plus	Protein Plus
4029679520073	Protein Plus – vanília	Protein Plus – Vanilla
4029679520103	Protein Plus 30% – vanília-kókusz	Protein Plus 30% – vanilla coconut
4029679520141	Protein Plus – narancsos jaffa keksz	Protein Plus – Orange Jaffa cake
4029679520165	Fehérjeszelet – citromos sajttorta	Protein bar – lemon cheesecake
4029679520202	Protein Plus 30% – csokoládé	Protein Plus 30% – chocolate
4029679526013	Protein Plus – kókusz	Protein Plus – Coconut
4029679550018	Protein Plus	Protein Plus
4029679580077	Protein Plus – mogyoró	Protein Plus – Hazelnut
4029679630017	Protein Plus 92% Power	Protein Plus 92% Power
4029679654655	Protein Plus – eper	Protein Plus – Strawberry
4029679669826	Natural Protein – sós mogyoró ropogós	Natural Protein – Salty peanut crunch
4029679669840	Natural Protein – áfonya mogyorós	Natural Protein – Blueberry nuts
4029679669857	Natural Protein – áfonya	Natural Protein – Blueberry
4029679669918	Natural Protein – banán-csokoládé	Natural Protein – banana chocolate
4029679670204	Protein Plus – chai latte, vanília	Protein Plus – chai latte vanilla
4029679670235	Protein Plus – vanília feketeribizli	Protein Plus – Vanilla blackcurrant
4029679670297	Clean Whey	Clean Whey
4029679670334	Clean Whey	Clean Whey
4029679670426	PowerGel Shots – narancs	PowerGel Shots – orange
4029679670488	PowerGel – kóla	PowerGel – Cola
4029679670525	PowerGel – zöldalma-koffein	PowerGel – green apple caffeine
4029679670617	Energiagél – eper banán	Energy gel – Strawberry banana
4029679670648	Energiagél – trópusi gyümölcs	Energy gel – Tropical fruit
4029679670679	PowerGel – fekete ribizli-koffein	PowerGel – blackcurrant caffeine
4029679672277	PowerGel – eredeti zöldalma	PowerGel – Original green apple
4029679672314	Energize – eredeti csokoládé	Energize – Original chocolate
4029679672345	PowerGel	PowerGel
4029679672383	Clean Whey – keksz-krém	Clean Whey – Cookies & cream
4029679672390	Clean Whey – keksz-krém	Clean Whey – Cookies & cream
4029679672444	PowerBar fehérjeszelet	PowerBar protein bar
4029679672482	PowerGel Original – citrom-lime	PowerGel Original – lemon lime
4029679672536	PowerGel Original – citrom-lime	PowerGel Original – lemon lime
4029679672635	PowerGel	PowerGel
4029679672659	PowerGel	PowerGel
4029679672734	Recovery Max	Recovery Max
4029679672925	Energiaszelet	Energy bar
4029679673144	PowerGel – citrom	PowerGel – Lemon
4029679673281	Energize – banán	Energize – Banana
4029679673397	ProteinNut2	ProteinNut2
4029679673403	ProteinNut2	ProteinNut2
4029679675162	PowerGel	PowerGel
4029679675414	Protein Plus – málna-fehér csokoládé, rostokkal	Protein Plus – raspberry white chocolate with fibre
4029679675445	Protein Plus – vanília-mandula, rostokkal	Protein Plus – vanilla almond with fibre
4029679675704	Protein Soft Layer	Protein Soft Layer
4029679675711	Fehérjeszelet – vanília toffee	Protein bar – Vanilla toffee
4029679675735	Protein Soft Layer – csokoládé toffee brownie	Protein Soft Layer – Chocolate toffee brownie
4029679675766	Protein Soft Layer	Protein Soft Layer
4029679675773	Fehérjeszelet	Protein bar
4029679675797	Protein Soft Layer	Protein Soft Layer
4029679675827	Protein Soft Layer – fehér csokoládé eper	Protein Soft Layer – White chocolate strawberry
4029679675940	True Organic Protein – mogyoró kakaó	True Organic Protein – Hazelnut cocoa
4029679676008	True Organic Protein	True Organic Protein
4029679676039	Protein Plus – vegán banán csokoládé	Protein Plus – Vegan banana chocolate
4029679676060	Protein Plus – vegán sós mandula karamell	Protein Plus – Vegan salty almond caramel
4029679676077	Protein Plus Vegan – sós mandula-karamell	Protein Plus Vegan – salted almond caramel
4029679676091	Protein Plus – vegán mogyoró csokoládé	Protein Plus – Vegan peanut chocolate
4029679676749	Protein Soft Layer – fehér csokoládé eper	Protein Soft Layer – White chocolate strawberry
4029679677005	PowerBar fehérjeszelet	PowerBar protein bar
4029679677074	Natural Protein – fehérjeszelet	Natural Protein – protein bar
4029679677166	PowerGel	PowerGel
4029679677760	Energize – eredeti csokoládé	Energize – Original chocolate
4029679677784	Protein Vegan Immun Support – vegán fehérjeszelet	Protein Vegan Immun Support – vegan protein bar
4029679677982	Protein Soft Layer	Protein Soft Layer
4029679678606	Protein Plus – vegán	Protein Plus – Vegan
4029679678750	Natural – csokoládé-mogyoró	Natural – chocolate nuts
4029679679405	Energize Original – cookies & cream	Energize Original – cookies & cream
4029679679740	Fehérjeszelet – kakaó-mogyoró	Protein bar – cocoa peanut
4029679679894	Fehérjeszelet – barackos joghurt	Protein bar – peach yoghurt
4029679679900	Protein Plus	Protein Plus
4029679679924	Protein Plus – eper joghurt	Protein Plus – Strawberry yoghurt
4029679680173	Fehérjeszelet	Protein bar
4029679680838	Tejsavófehérje – keksz-krém	Whey protein – Cookies & cream
4029679680876	Build Whey Protein	Build Whey Protein
4029679681958	Energize Original – energiaszelet	Energize Original – energy bar
4029679683013	Protein Soft Core	Protein Soft Core
4029679683426	Protein Soft Core	Protein Soft Core
4029679698277	Protein Plus	Protein Plus
4029679698291	Protein Plus – csokoládé	Protein Plus – Chocolate
4029679778542	PowerBar fehérjeszelet	PowerBar protein bar
4029679778894	Protein Plus – tejcsokoládés sportital	Protein Plus – milk chocolate sports milk
4029679854727	Natural Energy – édes-sós gabonaszelet	Natural Energy – sweet 'n salty cereal bar
4029679854765	Natural Energy – kakaó ropogós	Natural Energy – Cocoa crunch
4029679854796	Natural Energy – gabonaszelet	Natural Energy – cereal bar
4029679861060	Energize – csokoládé	Energize – Chocolate
4029679861084	Energiaszelet – banán punch	Energy bar – banana punch
4029679861244	Protein Plus	Protein Plus
4029679861435	Fehérjeszelet	Protein bar
4029679900004	Protein Plus – csokoládés brownie	Protein Plus – Chocolate brownie
4029679900042	Designer Bar – ropogós	Designer Bar – crunchy
4029679901124	Protein Plus – kevés cukorral	Protein Plus – Low sugar
4029679996229	ProteinNut2	ProteinNut2
4029679996267	ProteinNut2 – tejcsokoládé mogyoró	ProteinNut2 – Milk chocolate peanut
4029679996274	ProteinNut2	ProteinNut2
4029679996298	ProteinNut2	ProteinNut2
4029679996328	ProteinNut2	ProteinNut2
4029679996335	ProteinNut2	ProteinNut2
4029679996380	Regeneráló ital	Recovery drink
4029679996441	ProteinNut2	ProteinNut2
4029679996458	ProteinNut2	ProteinNut2
4029679996625	ProteinNut2	ProteinNut2
4029679996762	Clean Whey – csokoládés brownie	Clean Whey – Chocolate brownie
4029679996809	Clean Whey	Clean Whey
4029679996878	Protein Plus – vanília	Protein Plus – Vanilla
4029679996885	Protein Plus – kevés cukorral	Protein Plus – low sugar
4029679996892	PowerBar fehérjeszelet	PowerBar protein bar
4029679996922	PowerBar fehérjeszelet	PowerBar protein bar
4029679997042	Deluxe Protein	Deluxe Protein
4029679997066	Deluxe Protein	Deluxe Protein
4029679997080	Fehérjepor – eper	Protein powder – strawberry
4029679997127	Deluxe Protein	Deluxe Protein
4029679997141	Deluxe Protein	Deluxe Protein
4029679997202	Lean Protein – fehérjeszelet	Lean Protein bar
4029679997301	Protein Plus	Protein Plus
4029679997318	Protein Plus – csokoládé mogyorós	Protein Plus – Chocolate nuts
4029679997332	Protein Plus	Protein Plus
4029679997363	Protein Plus	Protein Plus
4029679997370	Protein Plus	Protein Plus
4029679997479	PowerBar – vanília-kókusz	PowerBar – vanilla coconut
4044782115787	Protein Cookie Bites	Protein Cookie Bites
4044782116234	Joe's Soft Bar – süteménytészta-mogyoró	Joe's Soft Bar – cookie dough peanut
4044782116340	Joe's Soft Bar	Joe's Soft Bar
4044782116456	Joe's Soft Bar – vegán brownie cappuccino	Joe's Soft Bar – Vegan brownie cappuccino
4044782117309	Joe's Soft Bar – áfonya sajttorta	Joe's Soft Bar – Blueberry cheesecake
4044782117323	Clear Isolate	Clear Isolate
4044782117347	Clear Isolate	Clear Isolate
4044782117354	Clear Isolate	Clear Isolate
4044782117361	Premium Whey – vaníliafagylalt	Premium Whey – Vanilla ice cream
4044782117378	Premium Whey – vaníliafagylalt	Premium Whey – Vanilla ice cream
4044782117590	Clear Isolate	Clear Isolate
4044782117613	Plant Based Protein – növényi fehérjepor	Plant Based Protein
4044782117620	Plant Based Protein – csokoládé	Plant Based Protein – chocolate
4044782117644	Protein 80 Plus – almás crumble	Protein 80 Plus – apple crumble
4044782209059	Protein Crunch	Protein Crunch
4044782209158	Protein Crunch	Protein Crunch
4044782300350	Premium Whey – vanília karamell	Premium Whey – Vanilla caramel
4044782300411	Fehérjepor – csokoládé-nugát	Protein powder – chocolate nougat
4044782300459	Premium Whey – csokoládé-nugát	Premium Whey – chocolate nougat
4044782300756	Protein 80 Plus	Protein 80 Plus
4044782300954	Protein 80 Plus	Protein 80 Plus
4044782301050	Protein 80 Plus – vanília	Protein 80 Plus – Vanilla
4044782301081	Fehérjepor – vanília (minta)	Protein powder – vanilla (sample)
4044782301111	Protein 80 Plus – csokoládé	Protein 80 Plus – Chocolate
4044782301180	Fehérjepor – csokoládé (minta)	Protein powder – chocolate (sample)
4044782301296	Protein 80 Plus – eper	Protein 80 Plus – Strawberry
4044782301357	Protein 80 Plus	Protein 80 Plus
4044782301456	Protein 80 Plus	Protein 80 Plus
4044782301555	Protein 80 Plus	Protein 80 Plus
4044782301753	Protein 80 Plus	Protein 80 Plus
4044782301852	Protein 80 Plus	Protein 80 Plus
4044782301951	Protein 80 Plus – kókusz	Protein 80 Plus – Coconut
4044782302057	Protein 80 Plus	Protein 80 Plus
4044782302156	Protein 80 Plus – keksz-krém	Protein 80 Plus – Cookies & cream
4044782302316	Tejsavófehérje – kávé	Whey protein – Coffee
4044782302446	Fehérjepor	Protein powder
4044782302552	Premium Whey – friss banán	Premium Whey – Fresh banana
4044782303818	Fruity Isolate – gyümölcsös	Fruity Isolate
4044782304679	Yippie! – mogyorós kevés cukorral	Yippie! – Nuts low sugar
4044782305577	Yippie!	Yippie!
4044782305676	Yippie!	Yippie!
4044782305973	Yippie! 37% – csokoládé-láva	Yippie! 37% – chocolate lava
4044782306178	Yippie! – csokoládé-láva	Yippie! – chocolate lava
4044782306376	Fehérjeszelet 52% – tejcsokoládé	Protein bar 52% – milk chocolate
4044782306475	Fehérjeszelet 52% – mogyoró-karamell	Protein bar 52% – peanut caramel
4044782306574	Fehérjeszelet – stracciatella	Protein bar – stracciatella
4044782306970	Yippie! 37% – keksz, dupla csokoládé	Yippie! 37% – cookie double chocolate
4044782307175	Yippie! 36% – brownie, vanília	Yippie! 36% – brownie vanilla
4044782307274	Yippie! – mogyoró karamell	Yippie! – Peanut caramel
4044782307571	Yippie! – brownie vanília	Yippie! – Brownie vanilla
4044782307977	Fehérjeszelet 32% – fehér csokoládé-banán	Protein bar 32% – white chocolate banana
4044782307991	Fehérjeszelet – banán fehér csokoládé	Protein bar – Banana white chocolate
4044782308073	Fehérjeszelet 32% – banán	Protein bar 32% – banana
4044782308097	Fehérjeszelet 32% – banán	Protein bar 32% – banana
4044782308172	Fehérjeszelet 32%	Protein bar 32%
4044782308479	Fehérjeszelet 32% – cookies & cream	Protein bar 32% – cookies & cream
4044782308493	Fehérjeszelet – keksz	Protein bar – Cookie
4044782308592	Fehérjeszelet 32% – csokoládé	Protein bar 32% – chocolate
4044782308677	Fehérjeszelet 32% – mogyoró	Protein bar 32% – hazelnut
4044782309070	Fehérjeszelet 32% – kókusz	Protein bar 32% – coconut
4044782309094	High Protein szelet	High Protein bar
4044782309483	Fehérjeszelet 60%	Protein bar 60%
4044782309575	High Protein – alacsony szénhidráttartalmú kevés cukorral mogyoró karamell	High Protein – Low carb low sugar peanut caramel
4044782309773	High Protein szelet – alacsony szénhidráttartalmú kevés cukorral piros gyümölcs	High Protein bar – Low carb low sugar red fruits
4044782310076	Fehérjeszelet – málna fehér csokoládé	Protein bar – Raspberry white chocolate
4044782311271	Firstbar	Firstbar
4044782311950	Gold Whey	Gold Whey
4044782312117	Gold Whey – tejcsokoládé	Gold Whey – Milk chocolate
4044782312599	Gold Whey	Gold Whey
4044782312759	Overnight Protein – kazein, vaníliás tejszín	Overnight Protein – casein vanilla cream
4044782312858	Kazein	Casein
4044782320051	Yippie! Protein Cookie Bites	Yippie! Protein Cookie Bites
4044782320150	Yippie! Protein Cookie Bites	Yippie! Protein Cookie Bites
4044782320259	Protein Cookie Bites	Protein Cookie Bites
4044782320273	Protein Cookie Bites	Protein Cookie Bites
4044782321065	Whey Wafer – ostyaszelet	Whey Wafer bar
4044782321072	Whey Wafer – csokoládé	Whey Wafer – Chocolate
4044782321164	Tejsavófehérje – ostya	Whey protein – Wafer
4044782321171	Whey Wafer 32% – stracciatella	Whey Wafer 32% – stracciatella
4044782321270	Whey Wafer – eper	Whey Wafer – Strawberry
4044782321362	Whey Wafer	Whey Wafer
4044782321379	Whey Wafer	Whey Wafer
4044782321577	High Protein szelet – mogyoró karamell	High Protein bar – Peanut caramel
4044782321676	High Protein	High Protein
4044782321775	Fehérjeszelet – piros gyümölcs	Protein bar – Red fruits
4044782326251	Mega Mass 4000	Mega Mass 4000
4044782340011	Fehérjepor	Protein powder
4044782340516	Premium Whey	Premium Whey
4044782386279	BodyShaper – ropogós mogyoró	BodyShaper – Crispy hazelnut
4044782386576	Fitness & Energy Bar – csokoládé	Fitness & Energy Bar – chocolate
4044782386675	BodyShaper Fitness & Energy Bar – joghurt-müzli	BodyShaper Fitness & Energy Bar – yoghurt muesli
4044782386873	BodyShaper Fitness & Energy Bar – kókusz	BodyShaper Fitness & Energy Bar – coconut
4044782388730	Elektrolit BCAA + Energy	Electrolyte BCAA + Energy
4044782389034	Fehérjeital – vanília	Protein drink – vanilla
4044782389133	Fehérjeital – csokoládé	Protein drink – chocolate
4044782389232	Fehérjeital	Protein drink
4044782389348	Alacsony szénhidráttartalmú fehérjekávé – jegeskávé-latte	Low carb protein coffee – iced coffee latte
4044782389355	Tejfehérje-kávé	Milk protein coffee
4044782389539	Fehérjeturmix – alacsony szénhidráttartalmú vanília	Protein shake – Low carb vanilla
4044782389546	Fehérjeturmix – tej	Protein shake – Milk
4044782389638	Fehérjeturmix – alacsony szénhidráttartalmú cappuccino	Protein shake – Low carb cappuccino
4044782389751	Fehérjeturmix – tej	Protein shake – Milk
4044782710012	Protein 80 Plus	Protein 80 Plus
4044782900055	Yippie! Protein Cookie Bites	Yippie! Protein Cookie Bites
4044782900178	Protein Cookie Bites	Protein Cookie Bites
4044782901472	Alacsony szénhidráttartalmú, magas fehérjetartalmú fehérjeszelet	Low carb high protein bar
4044782901977	Fehérjeszelet 40%	Protein bar 40%
4044782905579	Yippie! – fehérjeszelet	Yippie! protein bar
4044782906552	Fehérjeszelet 32%	Protein bar 32%
4044782907177	Yippie! – fehérjeszelet	Yippie! – protein bar
4044782909478	Fehérjeszelet	Protein bar
4044782916117	Fehérjeszelet – fehér csokoládé-kókusz	Protein bar – white chocolate coconut
4049000033003	Protein Pudding	Protein Pudding
4056489038597	IronMaxx Protein Bar – fehér csokoládé, ropogós	IronMaxx Protein Bar – white chocolate crisp
4056489038610	Sportyfeel Protein Bar – kókusz	Sportyfeel Protein Bar – coconut
4061458153515	High Protein joghurt – barack-narancs	High Protein yoghurt – peach-orange
4061463783059	Fehérjeszelet – eper	Protein bar – strawberry
4062432000146	High Protein Crispy Cookies	High Protein Crispy Cookies
4062432001365	High Protein Crispy Balls	High Protein Crispy Balls
4062432003680	High Protein Crispy Balls – karamell	High Protein Crispy Balls – caramel
4064499987101	Gold Standard 100% Plant	Gold Standard 100% Plant
4064499988467	Whey	Whey
4081800119181	High Protein jégkrém	High protein ice cream
42247845	Powergel Original – vanília	Powergel Original – vanilla
42247876	Powergel C2Max – zöldalma	Powergel C2Max – green apple
42247883	Powergel C2Max – alma, koffein	Powergel C2Max – apple, caffeine
42247890	Powergel C2Max – feketeribizli, koffein	Powergel C2Max – blackcurrant, caffeine
42247906	Powergel Original – piros gyümölcsök	Powergel Original – red fruits
4260282013075	Tejsavó-izolátum	Whey isolate
4260640850090	Whey Cookies	Whey Cookies
4260640850281	Fehérjeszelet	Protein bar
4260640850403	Fehérjeszelet	Protein bar
4260640850847	High Protein Wafer	High Protein Wafer
4260640850885	Protein Bites	Protein Bites
4260640851028	Szójafehérje-izolátum	Soy protein isolate
4260640851370	Energy Oats Bar	Energy Oats Bar
4260640851387	Energy Oats Bar	Energy Oats Bar
4260640851998	Whey Protein – joghurt-maracuja	Whey Protein – yoghurt passion fruit
4260640852780	High Protein Wafer	High Protein Wafer
4260640852797	High Protein Wafer – cookies & cream	High Protein Wafer – cookies & cream
4260640853558	Eat Clean Protein	Eat Clean Protein
4260640854029	Whey Protein – dupla csokoládé	Whey Protein – double chocolate
4260640854104	Fehérjeszelet – földimogyoró	Protein Bar – peanut
4260640854135	Crunchy Protein Bar	Crunchy Protein Bar
4260640854272	Fehérje brownie	Protein Brownie
4260640854678	Protein-6	Protein-6
4260640854906	Fehérje brownie	Protein Brownie
4260640855019	Crunchy Protein Bar – mogyoróvaj	Crunchy Protein Bar – peanut butter
4260640855026	Crunchy Protein Bar – meggyes joghurt	Crunchy Protein Bar – cherry yoghurt
4260640855118	Soft Protein Bar	Soft Protein Bar
4260640855125	Soft Protein Bar	Soft Protein Bar
4260640855316	Whey Protein – banán	Whey Protein – banana
4260640855354	Whey Protein – málnás joghurt	Whey Protein – raspberry yoghurt
4260640855378	Whey Protein – rice pudding	Whey Protein – rice pudding
4260640855392	Whey Protein – vajas keksz	Whey Protein – butter biscuit
4260640855965	Fehérjepuding	Protein pudding
4260640856917	Whey Protein Crisp	Whey Protein Crisp
4260640857419	Protein Bar – ropogós pehely	Protein Bar – crispy flakes
4260640857433	Crunchy Protein Bar	Crunchy Protein Bar
4260640857709	Protein Bar – ropogós pehely	Protein Bar – crispy flakes
4260640858058	Protein Bar – ropogós pehely	Protein Bar – crispy flakes
4260640858065	Eat Clean Protein – keksztészta	Eat Clean Protein – cookie dough
4260640858072	Eat Clean Protein Bar	Eat Clean Protein Bar
4260640858232	Whey	Whey
4260640858249	Whey Protein – csokoládé-kókusz	Whey Protein – chocolate coconut
4260640858256	Whey Protein – tejcsokoládé	Whey Protein – milk chocolate
4260640858287	Whey Protein – háromcsokoládés	Whey Protein – triple chocolate
4260640858294	Whey Protein – stracciatella	Whey Protein – stracciatella
4260640858300	Whey Protein – citromos sajttorta	Whey Protein – lemon cheesecake
4260640858812	Diet Shake – vanília	Diet Shake – vanilla
4260640859710	Protein Oats Bar	Protein Oats Bar
4260640859727	Protein Oats Bar	Protein Oats Bar
4260640859734	Protein Oats Bar – banán	Protein Oats Bar – banana
4260640859741	Protein Oats Bar	Protein Oats Bar
4260640859765	Protein Oats Bar – vegyes bogyós	Protein Oats Bar – mixed berries
4262410830301	Whey Protein – fehér csokoládé	Whey Protein – white chocolate
4262410831568	Deluxe Protein Bar – földimogyoró	Deluxe Protein Bar – peanut
4262410831582	Deluxe Protein Bar – banán-csokoládé	Deluxe Protein Bar – banana chocolate
4262410831780	Whey Protein – vanília	Whey Protein – vanilla
4262410832237	Deluxe Protein Bar – fudge brownie	Deluxe Protein Bar – fudge brownie
4262410832992	Crunchy Protein Bar – Choco Dream	Crunchy Protein Bar – Choco Dream
4262410833012	Crunchy Protein Bar – kókusz-karamell	Crunchy Protein Bar – coconut caramel
4262410833036	Crunchy Protein Bar	Crunchy Protein Bar
4262410833197	Blast Protein Bar Pro	Blast Protein Bar Pro
4262410833203	Blast Protein Bar	Blast Protein Bar
4262410833210	Core Protein Bar – sós karamell	Core Protein Bar – salted caramel
4262410833227	Core Protein Bar – keksz karamell	Core Protein Bar – cookie caramel
4262410833234	Core Protein Bar – csokoládé-karamell	Core Protein Bar – chocolate caramel
4262410833241	Milky Pro Protein Bar	Milky Pro Protein Bar
4262410833319	High Protein főzőkrém-por	High Protein cooking cream powder
4262410834309	Prime Crunchy Protein Bar – amerikai brownie	Prime Crunchy Protein Bar – American brownie
4262410834910	Prime Crunchy Protein Bar – kókusz	Prime Crunchy Protein Bar – coconut
4262410834972	Whey – cookies & cream	Whey – cookies & cream
4262410834996	Whey – eper	Whey – strawberry
4262410835023	Whey – bourbon vanília	Whey – bourbon vanilla
4262410835030	Whey Protein – dupla csokoládé	Whey Protein – double chocolate
4262410835047	Whey – pisztácia	Whey – pistachio
4262410835061	Whey – stracciatella	Whey – stracciatella
4262410835085	Whey Protein – fahéjas csiga	Whey Protein – cinnamon roll
4262410835115	Whey – rice pudding fahéj	Whey – rice pudding cinnamon
4262410835160	Whey Protein – vanília pudding	Whey Protein – vanilla pudding
4262410835177	Whey Protein – mogyoróvaj	Whey Protein – peanut butter
4262410835184	Whey Protein – fahéjas gabonapehely	Whey Protein – cinnamon cereal
4262410835191	Whey – popcorn	Whey – popcorn
4262410835504	Protein – sós karamell	Protein – salted caramel
4262410835528	Fehérje shake – pisztácia csokoládé	Protein Shake – pistachio chocolate
4262410835559	Fehérje shake – csokoládé vajas keksz	Protein Shake – chocolate butter biscuit
4262410835566	Fehérje shake – eper csokoládé yoghurt	Protein Shake – strawberry chocolate yoghurt
4262410835573	Fehérje shake – vanília-mandula	Protein Shake – vanilla almond
4262410835597	Whey Protein – áfonya	Whey Protein – blueberry
4262410835603	Whey Protein – kókusz krém	Whey Protein – coconut cream
4262410835665	Fehérje shake – fahéjas gabonapehely étcsokoládé	Protein Shake – cinnamon cereal dark chocolate
4262410835788	Prime Crunchy Protein Bar – fehér csokoládé, tejkaramell	Prime Crunchy Protein Bar – white chocolate milky caramel
4262410836266	Tejsavófehérje-por – kávé-csokoládé-karamell	Whey protein powder – coffee chocolate caramel
4262410836273	Protein Coffee – vanília latte	Protein Coffee – vanilla latte
4262410836280	Protein Coffee	Protein Coffee
4262410836334	Clear Whey Isolate	Clear Whey Isolate
4262410836341	Clear Whey Isolate – erdeigyümölcs jegestea	Clear Whey Isolate – wild berry iced tea
4262410836563	Vegán fehérje	Vegan Protein
4262410836587	Vegán fehérje – fahéjas gabonapehely	Vegan Protein – cinnamon cereal
4262410836600	Vegán fehérje – fehér csokoládés kekszmorzsa	Vegan Protein – white chocolate cookie crumble
4262410836617	Vegán fehérje – almás morzsasütemény	Vegan Protein – apple crumble
4262410836631	Vegán fehérje – fahéjas csiga	Vegan Protein – cinnamon roll
4262410836655	Vegan Protein – csokoládé-nugát	Vegan Protein – chocolate nougat
4262410836662	Vegán fehérje – vanília-karamell	Vegan Protein – vanilla caramel
4262410836693	Vegán fehérje – sötét kekszmorzsa	Vegan Protein – dark cookie crumble
4262410836709	Vegán fehérje – vaníliafagylalt	Vegan Protein – vanilla soft ice
4262410837782	Prime Bar Crunchy Protein	Prime Bar Crunchy Protein
4262410837843	Whey Protein	Whey Protein
4262410837850	Clear Whey Isolate – mangó-maracuja	Clear Whey Isolate – mango passion fruit
4404593234839	Whey	Whey
45555053	High Protein szelet	High protein bar
4577454015929	Whey Protein – kókusz	Whey Protein – coconut
4589676210051	Fehérjeszelet – csokoládé	Protein bar – chocolate
4606779910708	High Protein puding – vanília, laktózmentes	High Protein pudding – vanilla, lactose-free
4732571060140	Gold Standard 100% Isolate – dupla gazdag csokoládé	Gold Standard 100% Isolate – double rich chocolate
4906907061419	Gold Standard 100% Whey	Gold Standard 100% Whey
5001111110515	Oats & Whey zabszelet – málna	Oats & Whey flapjack – raspberry
5007933064548	60% High Protein – sós mogyorós karamell	60% High Protein – salted peanut caramel
5009603006285	Creamy protein shake	Creamy protein shake
5009603132878	Protein Layer	Protein Layer
5010482187613	High Protein sajt	High Protein cheese
5010482187637	High Protein reszelt sajt	High Protein grated cheese
5034444103442	Giant Protein – mogyoróvajas zabszelet	Giant Protein – peanut butter flapjack
5040576204698	Iso Whey Zero – csokoládé	Iso Whey Zero – chocolate
5055534300008	Fehérjekeksz – csokoládé-narancs	Protein cookie – chocolate orange
5055534300015	Extra Cookie – fehér csokoládé-mandula	Extra Cookie – white chocolate almond
5055534301012	Xtra Cookie – dupla csokoládédarabos	Xtra Cookie – double chocolate chip
5055534301142	Virtue Bar – dupla csokoládé	Virtue Bar – double chocolate
5055534301746	Mybar Oats & Whey – csokoládédarabos	Mybar Oats & Whey – chocolate chip
5055534302262	Szójafehérje-izolátum – eperkrém	Soy Protein Isolate – strawberry cream
5055534302279	Szójafehérje-izolátum – ízesítetlen	Soy Protein Isolate – unflavoured
5055534302286	Szójafehérje-izolátum	Soy Protein Isolate
5055534302293	Szójafehérje-izolátum – vanília	Soy Protein Isolate – vanilla
5055534302491	Instant zabpehely – vanília	Instant oats – vanilla
5055534302569	Impact Whey Protein – banoffee	Impact Whey Protein – banoffee
5055534302590	Impact Whey Protein – banán	Impact Whey Protein – banana
5055534302606	Impact Whey Protein – banán	Impact Whey Protein – banana
5055534302613	Impact Whey Protein	Impact Whey Protein
5055534302620	Impact Whey Protein – csokoládé-menta	Impact Whey Protein – chocolate mint
5055534302644	Impact Whey Protein – csokoládé-mogyoró	Impact Whey Protein – chocolate nut
5055534302651	Impact Whey Protein – csokoládé-mogyoró	Impact Whey Protein – chocolate nut
5055534302668	Impact Whey Protein – csokoládé-mogyoró	Impact Whey Protein – chocolate nut
5055534302675	Impact Whey Protein	Impact Whey Protein
5055534302682	Impact Whey Protein – krémes csokoládé	Impact Whey Protein – chocolate smooth
5055534302699	Impact Whey Protein – krémes csokoládé	Impact Whey Protein – chocolate smooth
5055534302705	Impact Whey Protein – cookies & cream	Impact Whey Protein – cookies & cream
5055534302712	Impact Whey Protein – cookies & cream	Impact Whey Protein – cookies & cream
5055534302729	Impact Whey – cookies & cream	Impact Whey – cookies & cream
5055534302736	Impact Whey – latte	Impact Whey – latte
5055534302743	Impact Whey Protein – latte	Impact Whey Protein – latte
5055534302774	Impact Whey Protein	Impact Whey Protein
5055534302781	Impact Whey Protein – mokka	Impact Whey Protein – mocha
5055534302804	Impact Whey Protein	Impact Whey Protein
5055534302835	Impact Whey Protein – eperkrém	Impact Whey Protein – strawberry cream
5055534302842	Impact Whey – eper	Impact Whey – strawberry
5055534302859	Impact Whey Protein	Impact Whey Protein
5055534302866	Impact Whey Protein – nyári gyümölcs	Impact Whey Protein – summer fruit
5055534302903	Impact Whey – ízesítetlen	Impact Whey – unflavoured
5055534302910	Impact Whey Protein – ízesítetlen	Impact Whey Protein – unflavoured
5055534302927	Impact Whey Protein – ízesítetlen	Impact Whey Protein – unflavoured
5055534302934	Whey Protein – vanília	Whey Protein – vanilla
5055534302941	Impact Whey Protein	Impact Whey Protein
5055534302958	Impact Whey Protein	Impact Whey Protein
5055534302972	Impact Whey Isolate – banán	Impact Whey Isolate – banana
5055534303009	Impact Whey Isolate – krémes csokoládé	Impact Whey Isolate – chocolate smooth
5055534303016	Impact Whey Isolate – csokoládé	Impact Whey Isolate – chocolate
5055534303054	Impact Whey Isolate – eperkrém	Impact Whey Isolate – strawberry cream
5055534303061	Impact Whey Isolate – eperkrém	Impact Whey Isolate – strawberry cream
5055534303078	Impact Whey Isolate – eperkrém	Impact Whey Isolate – strawberry cream
5055534303085	Impact Whey Isolate	Impact Whey Isolate
5055534303092	Impact Whey Isolate – ízesítetlen	Impact Whey Isolate – unflavoured
5055534303108	Impact Whey Isolate – ízesítetlen	Impact Whey Isolate – unflavoured
5055534303115	Impact Whey Isolate – vanília	Impact Whey Isolate – vanilla
5055534303122	Impact Whey Isolate – vanília	Impact Whey Isolate – vanilla
5055534303139	Impact Whey Isolate	Impact Whey Isolate
5055534303436	Borsófehérje-izolátum	Pea Protein Isolate
5055534303443	Borsófehérje-izolátum – ízesítetlen	Pea Protein Isolate – unflavoured
5055534303481	Kenderfehérje	Hemp Protein
5055534303498	Kenderfehérje	Hemp Protein
5055534303702	Hidrolizált tejsavófehérje	Hydrolysed Whey Protein
5055534303719	Hidrolizált tejsavófehérje	Hydrolysed Whey Protein
5055534304006	Dió	Walnuts
5055534304723	Kollagén fehérje	Collagen protein
5055534304976	Mega Cissus	Mega Cissus
5055534305768	Whey Protein – krémes csokoládé	Whey Protein – chocolate smooth
5055534305775	Impact Whey Protein	Impact Whey Protein
5055534305836	Impact Whey Protein – vanília	Impact Whey Protein – vanilla
5055534306949	Gabonaszelet – csokoládé	Cereal bar – chocolate
5055534307212	Tejfehérje	Milk Protein
5055534307304	Tejfehérje	Milk Protein
5055534307441	Total Breakfast – vanília	Total Breakfast – vanilla
5055534307458	Oats & Whey szelet – sós karamell	Oats & Whey bar – salted caramel
5055534307472	Oats & Whey fehérjeszelet – csokoládé-mogyoró	Oats & Whey Protein Bar – chocolate peanut
5055534308011	Barnarizs-fehérje	Brown Rice Protein
5055534309117	Impact Whey Protein – csokoládé és kókusz	Impact Whey Protein – chocolate & coconut
5055534309551	Fehérjekeksz – fehér csokoládé-mandula	Protein cookie – white chocolate almond
5055534309568	Fehérjekeksz – csokoládé-narancs	Protein cookie – chocolate orange
5055534309742	Impact Native Whey	Impact Native Whey
5055534310632	Impact Whey Protein – csokoládé-karamell	Impact Whey Protein – chocolate caramel
5055534310649	Impact Whey Protein – vanília-málna	Impact Whey Protein – vanilla & raspberry
5055534312193	Vegán fehérjekeverék	Vegan Protein Blend
5055534314241	Impact Native Whey – vanília	Impact Native Whey – vanilla
5055534314630	Barnarizs-fehérje	Brown Rice Protein
5055534314784	Impact Whey Protein – almás morzsasütemény és vaníliakrém	Impact Whey Protein – apple crumble & custard
5055534314883	Xtra Cookie – fehér csokoládé-mandula	Xtra Cookie – white chocolate almond
5055534314890	Extra Cookie – csokoládé-narancs	Extra Cookie – chocolate orange
5055534317044	Impact Whey Protein – almás morzsasütemény vaníliakrémmel	Impact Whey Protein – apple crumble & custard
5055534317051	Whey – csokoládé-karamell	Whey – chocolate caramel
5055534317112	Impact Whey Protein – nyári gyümölcs	Impact Whey Protein – summer fruit
5055534317129	Impact Whey Protein – vanília-málna	Impact Whey Protein – vanilla raspberry
5055534319055	Micellás kazein	Micellar Casein
5055534319697	Micellás kazein	Micellar Casein
5055534319703	Kazein – vanília	Casein – vanilla
5055534319710	Impact Whey Protein – ízesítetlen	Impact Whey Protein – unflavoured
5055534319727	Impact Whey Protein – krémes csokoládé	Impact Whey Protein – chocolate smooth
5055534319741	Impact Whey Protein – vanília	Impact Whey Protein – vanilla
5055534319758	Impact Whey Protein – banán	Impact Whey Protein – banana
5055534319765	Impact Whey Protein – cookies & cream	Impact Whey Protein – cookies & cream
5055534319826	Micellás kazein – csokoládé	Micellar Casein – chocolate
5055534319840	Lassú felszívódású kazein – vanília	Slow Release Casein – vanilla
5055534320228	Impact Whey Protein – természetes eper	Impact Whey Protein – natural strawberry
5055534320235	Impact Whey Protein – természetes eper er	Impact Whey Protein – natural strawberry er
5055534320242	Impact Whey Protein	Impact Whey Protein
5055534320259	Impact Whey Protein	Impact Whey Protein
5055534320266	Impact Whey Protein – természetes csokoládé	Impact Whey Protein – natural chocolate
5055534320273	Impact Whey Protein – természetes csokoládé	Impact Whey Protein – natural chocolate
5055534320280	Impact Whey Protein – természetes vanília	Impact Whey Protein – natural vanilla
5055534320297	Impact Whey Protein – természetes vanília	Impact Whey Protein – natural vanilla
5055534320303	Impact Whey Protein – természetes vanília	Impact Whey Protein – natural vanilla
5055534320396	Impact Whey Protein	Impact Whey Protein
5055534320402	Impact Whey – tiramisu protein	Impact Whey – tiramisu protein
5055534320426	Impact Whey Protein – áfonya	Impact Whey Protein – blueberry
5055534320433	Impact Whey Protein – áfonya	Impact Whey Protein – blueberry
5055534320440	Impact Whey Protein	Impact Whey Protein
5055534320570	Impact Whey Isolate – csokoládé-mogyoróvaj	Impact Whey Isolate – chocolate peanut butter
5055534320587	Impact Whey Isolate – csokoládé-mogyoróvaj	Impact Whey Isolate – chocolate peanut butter
5055534320600	Impact Whey Isolate – csokoládé-narancs	Impact Whey Isolate – chocolate orange
5055534320617	Impact Whey Isolate – csokoládé-narancs	Impact Whey Isolate – chocolate orange
5055534320747	Impact Whey Isolate – rocky road	Impact Whey Isolate – rocky road
5055534321423	Impact Weight Gainer	Impact Weight Gainer
5055534323779	Impact Whey Isolate – ízesítetlen	Impact Whey Isolate – unflavoured
5055534323793	Impact Whey Isolate – csokoládé milkshake	Impact Whey Isolate – chocolate milkshake
5055534323823	Impact Whey Isolate	Impact Whey Isolate
5055534324011	Impact Whey Protein – vanília shake	Impact Whey Protein – vanilla shake
5055534324042	Myprotein fehérjetermék	Myprotein protein product
5055534324127	Impact Whey Protein	Impact Whey Protein
5055534325049	BCAA 4:1:1	BCAA 4:1:1
5055534325124	Kesudióvaj – durva	Cashew butter – crunchy
5055534325179	Iso:Pro Whey – csokoládé	Iso:Pro Whey – chocolate
5055534325186	Iso:Pro Whey – eper	Iso:Pro Whey – strawberry
5055534325209	Iso:Pro Whey	Iso:Pro Whey
5055534325254	Fehérjecrispies – ízesítetlen	Protein crispies – unflavoured
5055534325704	Fehérje palacsintakeverék – ízesítetlen	Protein Pancake Mix – unflavoured
5055534325728	Fehérje palacsintakeverék	Protein Pancake Mix
5055534325735	Fehérje palacsintakeverék – csokoládé	Protein Pancake Mix – chocolate
5055534325834	Impact Whey Isolate – vanília	Impact Whey Isolate – vanilla
5055534325858	Impact Whey Isolate – természetes banán	Impact Whey Isolate – natural banana
5055534325865	Impact Whey Isolate – természetes csokoládé	Impact Whey Isolate – natural chocolate
5055534326114	Impact Whey Protein	Impact Whey Protein
5055534326121	Whey – csokoládé-mogyoróvaj	Whey – chocolate peanut butter
5055534326688	Fehérje palacsintakeverék – ízesítetlen	Protein Pancake Mix – unflavoured
5055534331651	Borsófehérje-izolátum	Pea Protein Isolate
5055534332108	Protein Hot Chocolate – csokoládé	Protein Hot Chocolate – chocolate
5055534332122	Protein Hot Latte	Protein Hot Latte
5055534336250	Fehérje palacsintakeverék – aranyszirup	Protein Pancake Mix – golden syrup
5055534336267	Fehérje palacsintakeverék – aranyszirup	Protein Pancake Mix – golden syrup
5055534336274	Fehérje palacsintakeverék – juharszirup	Protein Pancake Mix – maple syrup
5055534336281	Fehérje palacsintakeverék	Protein Pancake Mix
5055534336878	Impact Whey Isolate – csokoládé-banán	Impact Whey Isolate – chocolate banana
5055534337189	Impact Whey Protein – csokoládé-banán	Impact Whey Protein – chocolate banana
5055534337219	Impact Whey Protein – stracciatella	Impact Whey Protein – stracciatella
5055534337226	Impact Whey Protein – csokoládé-banán	Impact Whey Protein – chocolate banana
5055534337271	Impact Whey Protein – csokoládé-banán	Impact Whey Protein – chocolate banana
5055534337301	Impact Whey Protein	Impact Whey Protein
5055534337318	Impact Whey Protein – rocky road	Impact Whey Protein – rocky road
5055534338209	Impact Whey Isolate – fehér csokoládé	Impact Whey Isolate – white chocolate
5055534338247	Impact Whey Protein – fehér csokoládé	Impact Whey Protein – white chocolate
5055534338254	Impact Whey Protein – fehér csokoládé	Impact Whey Protein – white chocolate
5055534338261	Impact Whey Protein	Impact Whey Protein
5055534338308	Fehérjeostya – csokoládé	Protein wafers – chocolate
5055534338360	Fehérjegolyók – csokoládé	Protein Balls – chocolate
5055534339855	Impact Whey Isolate – áfonya	Impact Whey Isolate – blueberry
5055534339862	Impact Whey Isolate – áfonya	Impact Whey Isolate – blueberry
5055534339879	Impact Whey Isolate – áfonya	Impact Whey Isolate – blueberry
5055534339985	Impact Whey Protein – sós karamell	Impact Whey Protein – salted caramel
5055534339992	Impact Whey Protein – sós karamell	Impact Whey Protein – salted caramel
5055534340004	Impact Whey Protein	Impact Whey Protein
5055534340011	Impact Whey Isolate – sós karamell	Impact Whey Isolate – salted caramel
5055534340028	Impact Whey Isolate – sós karamell	Impact Whey Isolate – salted caramel
5055534340035	Impact Whey Isolate – sós karamell	Impact Whey Isolate – salted caramel
5055534341827	Impact Whey Isolate – csokoládé	Impact Whey Isolate – chocolate
5055534341834	Impact Whey Isolate – természetes csokoládé	Impact Whey Isolate – natural chocolate
5055534341841	Impact Whey Isolate	Impact Whey Isolate
5055534341858	Impact Whey Protein – természetes eper	Impact Whey Protein – natural strawberry
5055534341865	Impact Whey Isolate – természetes vanília	Impact Whey Isolate – natural vanilla
5055534342848	Protein Light Bar – mandula vanília	Protein Light Bar – almond vanilla
5055534342862	Mybar Zero – citromos sajttorta	Mybar Zero – lemon cheesecake
5055534342879	Mybar Zero – csokoládé	Mybar Zero – chocolate
5055534345498	Impact Whey Protein – vanília-málna	Impact Whey Protein – vanilla raspberry
5055534345535	Impact Whey Protein – csokoládé-karamell	Impact Whey Protein – chocolate caramel
5055534348987	Impact Whey Isolate	Impact Whey Isolate
5055534352816	Impact Whey Protein – vanília, steviával	Impact Whey Protein – vanilla stevia
5055534352823	Impact Whey Protein	Impact Whey Protein
5055534352830	Impact Whey Protein	Impact Whey Protein
5055534352878	Impact Whey Protein – csokoládé-menta, steviával	Impact Whey Protein – chocolate mint, stevia
5055534352908	Impact Whey Protein – csokoládé, steviával	Impact Whey Protein – chocolate, stevia
5055534352915	Impact Whey Protein – csokoládé, steviával	Impact Whey Protein – chocolate stevia
5055534352922	Impact Whey Protein – stevia csokoládé	Impact Whey Protein – stevia chocolate
5055534352939	Impact Whey Protein – málna, steviával	Impact Whey Protein – raspberry stevia
5055534352946	Impact Whey Protein	Impact Whey Protein
5055534352953	Impact Whey Protein	Impact Whey Protein
5055534354643	Impact Whey Protein – juharszirup	Impact Whey Protein – maple syrup
5055534354797	Whey Protein – aranyszirup	Whey Protein – golden syrup
5055534355190	Fehérje csokoládéfalatok	Protein Chocolate Clusters
5055534355985	Impact Whey Isolate – csokoládé-karamell	Impact Whey Isolate – chocolate caramel
5055534355992	Impact Whey Isolate – csokoládé-karamell	Impact Whey Isolate – chocolate caramel
5055534363621	Carb Crusher – fudge brownie	Carb Crusher – fudge brownie
5055534364369	Impact Whey Protein – mokka	Impact Whey Protein – mocha
5055534367889	Vegán fehérjekeksz	Vegan Protein Cookie
5055534367995	Vegán fehérje és zöldségek	Vegan Protein & Greens
5055534368039	Vegán fehérjekeverék	Vegan Protein Blend
5055534368152	Vegán fehérjekeverék	Vegan Protein Blend
5055534368435	Impact Whey Protein – kókusz	Impact Whey Protein – coconut
5055534368541	Protein Dip Pot	Protein Dip Pot
5055534369043	Vegán fehérjekeverék	Vegan Protein Blend
5055534369067	Vegán fehérjekeverék	Vegan Protein Blend
5055534369104	Vegán regeneráló keverék	Vegan Recovery Blend
5055534372555	Impact Whey Isolate	Impact Whey Isolate
5055534372562	Impact Whey Isolate – csokoládés brownie	Impact Whey Isolate – chocolate brownie
5055534372579	Impact Whey Protein – csokoládés brownie	Impact Whey Protein – chocolate brownie
5055534372760	Impact Whey Protein – csokoládés brownie	Impact Whey Protein – chocolate brownie
5055936800151	Impact Whey Protein – kávé-karamell	Impact Whey Protein – coffee caramel
5055936800168	Impact Whey Protein – kávé-karamell	Impact Whey Protein – coffee caramel
5055936800182	Impact Whey Protein – csokoládés brownie	Impact Whey Protein – chocolate brownie
5055936800199	Impact Whey Protein – csokoládé	Impact Whey Protein – chocolate
5055936800205	Impact Whey – csokoládés brownie	Impact Whey – chocolate brownie
5055936800212	Impact Whey Protein – fahéjas csiga	Impact Whey Protein – cinnamon danish
5055936800229	Impact Whey Protein – fahéjas csiga	Impact Whey Protein – cinnamon danish
5055936800243	Impact Whey Protein – áfonyás sajttorta	Impact Whey Protein – blueberry cheesecake
5055936800427	Impact Whey Isolate – csokoládés brownie	Impact Whey Isolate – chocolate brownie
5055936800434	Impact Whey Isolate – csokoládés brownie	Impact Whey Isolate – chocolate brownie
5055936800441	Tejsavó-izolátum	Whey Isolate
5055936802544	Hidrolizált kollagénpeptid	Hydrolysed Collagen Peptide
5055936802599	Hidrolizált kollagénpeptid – vanília	Hydrolysed Collagen Peptide – vanilla
5055936802612	Hidrolizált kollagénpeptid – eper	Hydrolysed Collagen Peptide – strawberry
5055936805514	Fehérje palacsintakeverék – aranyszirup	Protein Pancake Mix – golden syrup
5055936805538	Fehérje palacsintakeverék – csokoládé	Protein Pancake Mix – chocolate
5055936806238	Fehérjechips – barbecue	Protein crisps – barbecue
5055936806504	Fehérjeostya – vanília	Protein Wafer – vanilla
5055936806511	Fehérjeostya	Protein Wafer
5055936806672	Fehérje granola – csokoládé-karamell	Protein Granola – chocolate caramel
5055936807785	Fehérjechips	Protein Crisps
5055936807853	Fehérjechips	Protein Crisps
5055936807860	Fehérjechips – édes chili-tejföl	Protein crisps – sweet chilli and sour cream
5055936807877	Fehérje brownie	Protein Brownie
5055936807884	Fehérje brownie	Protein Brownie
5055936810228	Fehérje zabszelet – hagyományos zab	Protein Flapjack – traditional oat
5055936810235	Fehérje zabszelet – csokoládédarabos	Protein Flapjack – chocolate chunk
5055936810259	Fehérje zabszelet	Protein flapjack
5055936810266	Fehérje zabszelet	Protein Flapjack
5055936815452	Fehérjekeksz – cookies & cream	Protein Cookie – cookies & cream
5055936815490	Fehérjekeksz – zab-mazsola	Protein Cookie – oatmeal & raisin
5055936815551	Protein Light Bar – cookies & cream	Protein Light Bar – cookies & cream
5055936815575	Mybar Zero	Mybar Zero
5055936815582	Mybar Zero – karamell földimogyoró	Mybar Zero – caramel peanut
5055936817753	Kenderfehérje-szelet – ízesítetlen	Hemp Protein Bar – unflavoured
5055936818378	Impact Whey Protein – áfonya	Impact Whey Protein – blueberry
5055936818392	Impact Whey Protein	Impact Whey Protein
5055936818415	Impact Whey Protein – csokoládé-narancs	Impact Whey Protein – chocolate orange
5055936818453	Impact Whey Protein – cookies & cream	Impact Whey Protein – cookies & cream
5055936818507	Impact Whey Protein – természetes csokoládé	Impact Whey Protein – natural chocolate
5055936818514	Impact Whey Protein – természetes eper	Impact Whey Protein – natural strawberry
5055936818521	Impact Whey Protein – természetes vanília	Impact Whey Protein – natural vanilla
5055936818590	Impact Whey Protein	Impact Whey Protein
5055936824225	Impact Whey Protein – válogatás	Impact Whey Protein – assortment
5055936827523	Impact Whey Isolate	Impact Whey Isolate
5055936830158	Fehérjeostya – mogyoróvaj	Protein Wafer – peanut butter
5055936830165	Fehérjeostya – csokoládé-mogyoró	Protein Wafer – chocolate hazelnut
5055936830202	Fehérjeostya – keksz	Protein Wafer – cookies
5055936830349	Protein Cookie Skinny – vörösáfonya	Protein Cookie Skinny – cranberry
5055936830363	Lean Cookie – csokoládé-bogyós	Lean Cookie – chocolate & berry
5055936839519	Fehérje brownie – fehér csokoládé chip	Protein Brownie – white chocolate chip
5055936839526	Fehérje brownie – fehér csokoládé	Protein Brownie – white chocolate
5055936839540	Keksz – csokoládé	Cookie – chocolate
5055936839786	Fehérje granola – piros bogyós	Protein Granola – red berry
5055936842748	Impact Whey Protein	Impact Whey Protein
5055936842755	Micellás kazein	Micellar Casein
5055936861244	Fehérjeostya – csokoládé	Protein Wafer – chocolate
5055936861251	Fehérjeostya	Protein Wafer
5055936868335	Fehérje bögrés süteménykeverék	Protein Mug Cake Mix
5055936868342	Fehérje bögrés süteménykeverék	Protein Mug Cake Mix
5055936868373	Fehérje bögrés süteménykeverék – természetes csokoládé	Protein Mug Cake Mix – natural chocolate
5055936868380	Fehérje bögrés süteménykeverék – sós karamell	Protein Mug Cake Mix – salted caramel
5055936868502	Vegán fehérjeszelet	Vegan Protein Bar
5055936868670	Fehérje rizspuding	Protein Rice Pudding
5055936868939	Whole Fuel	Whole Fuel
5055936868946	Whole Fuel – természetes vanília	Whole Fuel – natural vanilla
5055936872134	Energiagél – Elite	Energy Gel – Elite
5055936872387	High Protein szelet – csokoládé	High Protein Bar – chocolate
5055936873667	Pro Bar Elite – karamell mogyoró	Pro Bar Elite – caramel hazelnut
5055936873674	Fehérjeszelet – étcsokoládé és bogyós	Protein Bar – dark chocolate & berry
5055936873698	Oats & Whey szelet – sós karamell	Oats & Whey Bar – salted caramel
5055936873711	High Protein szelet – csokoládé-narancs	High Protein Bar – chocolate orange
5055936873735	High Protein szelet – csokoládé-kókusz	High Protein Bar – chocolate coconut
5055936873742	High Protein szelet	High Protein Bar
5055936873957	Fehérje brownie-keverék – csokoládé	Protein Brownie Mix – chocolate
5055936877757	Fehérje palacsintakeverék	Protein Pancake Mix
5055936890886	Essential Whey Protein – csokoládé	Essential Whey Protein – chocolate
5055936890930	Essential Whey Protein	Essential Whey Protein
5055936890954	Essential Whey Protein – vanília	Essential Whey Protein – vanilla
5055936890961	Essential Whey Protein	Essential Whey Protein
5056104502068	Impact Diet Whey	Impact Diet Whey
5056104502075	Impact Diet Whey – krémes csokoládé	Impact Diet Whey – chocolate smooth
5056104502082	Impact Diet Whey	Impact Diet Whey
5056104502099	Impact Diet Whey	Impact Diet Whey
5056104502105	Impact Diet Whey	Impact Diet Whey
5056104502112	Impact Diet Whey – cookies & cream	Impact Diet Whey – cookies & cream
5056104503232	Impact Whey Isolate	Impact Whey Isolate
5056104503324	VLCD étkezéshelyettesítő shake	VLCD Meal Replacement Shake
5056104503331	VLCD étkezéshelyettesítő shake – csokoládé	VLCD Meal Replacement Shake – chocolate
5056104503348	Fehérje étkezéshelyettesítő	Protein Meal Replacement
5056104503362	Fehérje étkezéshelyettesítő	Protein Meal Replacement
5056104503379	VLCD étkezéshelyettesítő shake	VLCD Meal Replacement Shake
5056104503409	Myprotein fehérjetermék	Myprotein protein product
5056104503430	Fehérje étkezéshelyettesítő	Protein Meal Replacement
5056104503515	Micellás kazein	Micellar Casein
5056104504635	Impact Diet Whey	Impact Diet Whey
5056104504642	Impact Diet Whey – természetes vanília	Impact Diet Whey – natural vanilla
5056104518229	Bio spirulina	Organic Spirulina
5056104518304	Bio tejsavófehérje	Organic Whey Protein
5056104518397	The Whey	The Whey
5056104518427	The Whey	The Whey
5056104518434	The Whey	The Whey
5056104518496	The Whey	The Whey
5056104518519	The Whey	The Whey
5056104518571	The Whey – csokoládé-karamell	The Whey – chocolate caramel
5056104518632	The Whey – csokoládé-karamell	The Whey – chocolate caramel
5056104519325	Impact Diet Whey	Impact Diet Whey
5056104531938	Overnight Recovery Blend	Overnight Recovery Blend
5056104531945	Bedtime Extreme	Bedtime Extreme
5056104531969	Overnight Recovery Blend – eperkrém	Overnight Recovery Blend – strawberry cream
5056104532454	Protein Hot Chocolate	Protein Hot Chocolate
5056104532683	Impact Whey Protein – csokoládés brownie	Impact Whey Protein – chocolate brownie
5056104532874	Fehérjekeksz	Protein Biscuit
5056104535561	Fehérjekeksz	Protein Biscuit
5056104535813	Fehérje zabszelet	Protein Flapjack
5056104535820	Fehérje zabszelet – csokoládé	Protein Flapjack – chocolate
5056104535837	Fehérje zabszelet – banoffee	Protein Flapjack – banoffee
5056104537220	Protein Choc Chunky	Protein Choc Chunky
5056104537237	Protein Choc Chunky	Protein Choc Chunky
5056104537275	Impact Whey Protein – barackos tea	Impact Whey Protein – peach tea
5056104549575	Impact Whey Protein – kókusz	Impact Whey Protein – coconut
5056104549582	Impact Whey Protein – kókusz	Impact Whey Protein – coconut
5056104549636	Impact Whey Protein – speculoos	Impact Whey Protein – speculoos
5056104549643	Impact Whey Protein – speculoos	Impact Whey Protein – speculoos
5056104550656	BCAA energiaital	BCAA Energy Drink
5056104550915	Fehérje brownie	Protein Brownie
5056104550922	Rocky Road	Rocky Road
5056104551844	Bio tejsavófehérje	Organic Whey Protein
5056104552179	Protein Light Bar	Protein Light Bar
5056104552186	Protein Light Bar – fehér csokoládé és málna	Protein Light Bar – white chocolate & raspberry
5056104552193	Protein Light Bar	Protein Light Bar
5056104552209	Protein Light Bar	Protein Light Bar
5056104559710	Impact Whey Protein – barnacukros tejes tea	Impact Whey Protein – brown sugar milk tea
5056104564899	Fehérjetészta	Protein Noodles
5056104569481	Impact Protein Blend – krémes csokoládé	Impact Protein Blend – chocolate smooth
5056104570289	Impact Whey Isolate – csokoládé-menta	Impact Whey Isolate – chocolate mint
5056104571781	Total Protein	Total Protein
5056104571828	Total Protein	Total Protein
5056104571835	Total Protein	Total Protein
5056104571842	Total Protein	Total Protein
5056104571859	Total Protein – vanília	Total Protein – vanilla
5056104571880	Total Protein – krémes csokoládé	Total Protein – smooth chocolate
5056104571897	Total Protein – eperkrém	Total Protein – strawberry cream
5056104572108	Advanced Weight Gainer – krémes csokoládé	Advanced Weight Gainer – chocolate smooth
5056104572115	Extreme Gainer Blend	Extreme Gainer Blend
5056104572139	Myprotein fehérjetermék	Myprotein protein product
5056104572153	Hard Gainer Extreme	Hard Gainer Extreme
5056104572160	Hard Gainer Extreme – keksz	Hard Gainer Extreme – cookies
5056104572184	Hard Gainer Extreme	Hard Gainer Extreme
5056104572191	Extreme Gainer Blend	Extreme Gainer Blend
5056104572382	Impact Weight Gainer – krémes csokoládé	Impact Weight Gainer – chocolate smooth
5056104572399	Impact Weight Gainer – eper	Impact Weight Gainer – strawberry
5056104572405	Impact Weight Gainer	Impact Weight Gainer
5056104572429	Impact Whey Gainer	Impact Whey Gainer
5056104572436	Impact Weight Gainer	Impact Weight Gainer
5056104572443	Impact Weight Gainer	Impact Weight Gainer
5056104572450	Weight Gainer Blend	Weight Gainer Blend
5056104572986	Active Women Diet Blend	Active Women Diet Blend
5056104587171	Gooey Filled Cookie – dupla csokoládé-karamell	Gooey Filled Cookie – double choc & caramel
5056185715029	Amino Energy – görögdinnye	Amino Energy – watermelon
5056185718600	Kollagén fehérje	Collagen protein
5056185738882	Carb Crusher – karamell mogyoró	Carb Crusher – caramel nut
5056185738899	Carb Crusher	Carb Crusher
5056185738905	Carb Crusher – epres sajttorta	Carb Crusher – strawberry cheesecake
5056185744296	Whey Protein – mogyoróvaj	Whey Protein – peanut butter
5056185747136	Fehérje granola – mandula-méz	Protein Granola – almond & honey
5056185747143	Fehérje granola – málna-szeder	Protein Granola – raspberry & blackberry
5056185747150	Fehérje granola	Protein Granola
5056185748560	The Gainer	The Gainer
5056185748744	Fehérjekrém	Protein Spread
5056185748751	Fehérjekrém	Protein Spread
5056185785411	Fehérjekrém	Protein Spread
5056185786753	Fehérje palacsintakeverék	Protein Pancake Mix
5056185786760	Fehérje palacsintakeverék	Protein Pancake Mix
5056185786777	Fehérje palacsintakeverék	Protein Pancake Mix
5056185787231	Impact Whey Protein – mangó	Impact Whey Protein – mango
5056281108947	Layered Bar – white gold	Layered Bar – white gold
5056281161874	Layered Bar – szülinapi torta	Layered Bar – birthday cake
5056281161904	Layered Bar	Layered Bar
5056281161928	Layered Bar	Layered Bar
5056281161997	Carb Crusher – csokoládé-narancs	Carb Crusher – chocolate orange
5056281177721	Clear Whey Isolate	Clear Whey Isolate
5056281177738	Clear Whey Isolate	Clear Whey Isolate
5056281177745	Clear Whey Isolate	Clear Whey Isolate
5056281177752	Clear Whey Isolate – bitter citrom	Clear Whey Isolate – bitter lemon
5056281177769	Clear Whey Isolate – mojito	Clear Whey Isolate – mojito
5056281177776	Clear Whey Isolate – barackos tea	Clear Whey Isolate – peach tea
5056281177783	Clear Whey Isolate	Clear Whey Isolate
5056281177790	Clear Whey Isolate – szivárványos cukorka	Clear Whey Isolate – rainbow candy
5056281177813	Clear Whey Isolate – mojito	Clear Whey Isolate – mojito
5056281179022	Clear Whey Isolate	Clear Whey Isolate
5056281179039	Clear Whey Isolate – trópusi sárkánygyümölcs	Clear Whey Isolate – tropical dragonfruit
5056281179251	Impact Whey Protein – matcha latte	Impact Whey Protein – matcha latte
5056307320452	Layered Bar	Layered Bar
5056307321398	Layered Bar	Layered Bar
5056307321404	Layered Bar – csokoládés fagylalt	Layered Bar – chocolate sundae
5056307321428	Layered Bar	Layered Bar
5056307321510	Carb Crusher	Carb Crusher
5056307321534	Carb Crusher – étcsokoládé	Carb Crusher – dark chocolate
5056307321565	Carb Crusher – cookies & cream	Carb Crusher – cookies & cream
5056307325341	Oat Bakes	Oat Bakes
5056307325624	Protein Light Bar – csokoládé és keksztészta	Protein Light Bar – chocolate & cookie dough
5056307346155	Vegán fehérjekeverék – narancs és kakaó	Vegan Protein Blend – orange & cacao
5056307346643	Impact Diet Whey – csokoládé-menta	Impact Diet Whey – chocolate mint
5056307346667	Impact Diet Whey	Impact Diet Whey
5056307346674	Impact Diet Whey	Impact Diet Whey
5056307346681	Impact Diet Whey – vanília	Impact Diet Whey – vanilla
5056307349873	Myprotein fehérjetermék	Myprotein protein product
5056307353177	Impact Whey Protein – étcsokoládé	Impact Whey Protein – dark chocolate
5056307353184	Impact Whey Protein	Impact Whey Protein
5056307353214	Impact Whey Protein – étcsokoládé és sós karamell	Impact Whey Protein – dark chocolate & salted caramel
5056307353221	Impact Whey Protein – étcsokoládé és sós karamell	Impact Whey Protein – dark chocolate & salted caramel
5056307353344	Borsófehérje-izolátum	Pea Protein Isolate
5056307353894	Clear Whey Isolate	Clear Whey Isolate
5056307355805	Baked Cookie – sós karamell	Baked Cookie – salted caramel
5056307356246	Impact Whey Protein – csokoládés brownie	Impact Whey Protein – chocolate brownie
5056307356307	Impact Whey Protein – csokoládé-kókusz	Impact Whey Protein – chocolate coconut
5056307356314	Impact Whey – csokoládé-kókusz	Impact Whey – chocolate coconut
5056307356338	Impact Whey Protein	Impact Whey Protein
5056307356369	Impact Whey Protein – csokoládé-mogyoróvaj	Impact Whey Protein – chocolate peanut butter
5056307356376	Impact Whey Protein – csokoládé-mogyoróvaj	Impact Whey Protein – chocolate peanut butter
5056307356390	Impact Whey Protein – brownie	Impact Whey Protein – brownie
5056307356406	Impact Whey Protein	Impact Whey Protein
5056307356420	Impact Whey – természetes banán	Impact Whey – natural banana
5056307356437	Impact Whey Protein – banán	Impact Whey Protein – banana
5056307356451	Impact Whey Protein	Impact Whey Protein
5056307356468	Impact Whey Protein – banán	Impact Whey Protein – banana
5056307356512	Impact Whey Protein – tiramisu	Impact Whey Protein – tiramisu
5056307356529	Impact Whey Protein – tiramisu	Impact Whey Protein – tiramisu
5056307356598	Protein Light Bar – speculoos	Protein Light Bar – speculoos
5056307356666	Layered Bar	Layered Bar
5056307356833	Szójafehérje-izolátum	Soy Protein Isolate
5056307360168	Vegán fehérjekeverék	Vegan Protein Blend
5056307360175	Vegán fehérjekeverék	Vegan Protein Blend
5056307360182	Impact Vegan Protein – csokoládé	Impact Vegan Protein – chocolate
5056307360250	Vegan Protein Blend	Vegan Protein Blend
5056307360267	Impact Vegan Protein	Impact Vegan Protein
5056307361349	myvegan szójafehérje-izolátum – csokoládé	myvegan Soy Protein Isolate – Chocolate
5056307361363	Szójafehérje-izolátum	Soy Protein Isolate
5056307361370	Szójafehérje-izolátum – vanília	Soy Protein Isolate – Vanilla
5056307361387	Szójafehérje-izolátum – eper	Soy Protein Isolate – Strawberry
5056307361394	Szójafehérje-izolátum	Soy Protein Isolate
5056307361417	Vegan Impact Soy Protein – sós karamell	Vegan Impact Soy Protein – Salted Caramel
5056307362384	Clear Vegan Protein	Clear Vegan Protein
5056307362797	Impact Whey	Impact Whey
5056307363923	Protein Light Bar	Protein Light Bar
5056307364807	Layered	Layered
5056307386922	Impact Whey Protein	Impact Whey Protein
5056307386939	Tejsavófehérje	Whey Protein
5056307387523	Clear Whey Protein – barackos tea	Clear Whey Protein – Peach Tea
5056307387530	Clear Whey Protein – narancs-mangó	Clear Whey Protein – Orange & Mango
5056307387554	Clear Whey Isolate – citrom-lime	Clear Whey Isolate – Lemon Lime
5056307387561	Clear Whey Isolate	Clear Whey Isolate
5056307387622	Fehérjepor – eper-tejszín	Protein Powder – Strawberries and Cream
5056307392381	Impact Diet Whey	Impact Diet Whey
5056307392794	Impact Whey Isolate	Impact Whey Isolate
5056307392800	Tejsavó-izolátum – vanília	Whey Isolate – Vanilla
5056307392992	Impact Whey Isolate	Impact Whey Isolate
5056307393043	Impact Whey Isolate – csokoládé	Impact Whey Isolate – Chocolate
5056307393388	Impact Whey Protein – természetes csokoládé	Impact Whey Protein – Natural Chocolate
5056307393401	Impact Whey Protein	Impact Whey Protein
5056307393432	Impact Whey Protein – csokoládé	Impact Whey Protein – Chocolate
5056307393449	Impact Whey Protein – természetes eper	Impact Whey Protein – Natural Strawberry
5056307393852	Impact Whey Protein – étcsokoládé	Impact Whey Protein – Dark Chocolate
5056307393982	Impact Whey Protein – íz nélkül	Impact Whey Protein – Unflavoured
5056307394033	Impact Whey Protein	Impact Whey Protein
5056307394583	Tejsavófehérje – étcsokoládé	Whey Protein – Dark Chocolate
5056307397768	Fehérjés palacsintapor – keksz-krém	Protein Pancake Mix – Cookies & Cream
5056307398833	Break Bar	Break Bar
5056307398956	Impact Native Whey Isolate – természetes csokoládé	Impact Native Whey Isolate – Natural Chocolate
5056307398963	Impact Native Whey Isolate	Impact Native Whey Isolate
5056307398970	Impact Native Whey Isolate – eper	Impact Native Whey Isolate – Strawberry
5056307398994	Impact Native Whey Isolate – vanília	Impact Native Whey Isolate – Vanilla
5056307399007	Impact Native Whey Isolate – vanília	Impact Native Whey Isolate – Vanilla
5056307399755	Chips – barbecue	Crisps – Barbecue
5056379503845	Clear Whey Isolate	Clear Whey Isolate
5056379503852	Clear Whey Isolate – görögdinnye	Clear Whey Isolate – Watermelon
5056379503869	Clear Whey Protein – vörösáfonya-málna	Clear Whey Protein – Cranberry & Raspberry
5056379503883	Clear Whey Isolate – görögdinnye	Clear Whey Isolate – Watermelon
5056379503890	Clear Whey Protein – vörösáfonya-málna	Clear Whey Protein – Cranberry & Raspberry
5056379503906	Clear Whey Isolate	Clear Whey Isolate
5056379503913	Clear Whey Protein – görögdinnye	Clear Whey Protein – Watermelon
5056379503975	Impact Whey Gainer	Impact Whey Gainer
5056379504248	Fehérjeszelet-helyettesítő	Protein Bar Replacement
5056379504491	Popped Protein Crisps	Popped Protein Crisps
5056379504514	Popped Protein Crisps – paprika	Popped Protein Crisps – Paprika
5056379504569	Nuts Bar	Nuts Bar
5056379504576	Nuts Bar	Nuts Bar
5056379507416	6 rétegű fehérjeszelet – matcha	6-Layer Protein Bar – Matcha
5056379507690	Impact Whey Protein – csokoládés brownie	Impact Whey Protein – Chocolate Brownie
5056379536751	Clear Whey Protein – barackos tea	Clear Whey Protein – Peach Tea
5056379536928	Gabonaszelet – csokoládé-mogyoró	Cereal Bar – Chocolate Peanut
5056379536959	Gabonaszelet	Cereal Bar
5056379536966	Gabonaszelet	Cereal Bar
5056379536973	Gabonaszelet	Cereal Bar
5056379579604	Layered Treat	Layered Treat
5056379583571	Clear Whey Isolate	Clear Whey Isolate
5056379586411	Clear Whey Isolate – rózsaszín grapefruit	Clear Whey Isolate – Pink Grapefruit
5056379588965	Energy BCAA	Energy BCAA
5056379591903	Vegán fehérje – csokoládé és sós karamell	Vegan Protein – Chocolate & Salted Caramel
5056379594379	Clear Whey Isolate – vérnarancs	Clear Whey Isolate – Blood Orange
5059283097493	Impact Bar – fudge brownie	Impact Bar – Fudge Brownie
5059883097428	Impact Bar – karamell-dió	Impact Bar – Caramel Nut
5059883097480	Impact Bar – karamell-dió	Impact Bar – Caramel Nut
5059883097497	Impact Protein Bar – fudge brownie	Impact Protein Bar – Fudge Brownie
5059883097503	Impact Bar – étcsokoládé-tengeri só	Impact Bar – Dark Chocolate Sea Salt
5059883097510	Impact Bar – étcsokoládé	Impact Bar – Dark Chocolate
5059883098531	Impact Whey Protein – keksz-krém	Impact Whey Protein – Cookies & Cream
5059883098548	Impact Whey Protein	Impact Whey Protein
5059883100456	Impact Bar – mogyoróvaj	Impact Bar – Peanut Butter
5059883108193	Fehérjepor – banánkenyér	Protein Powder – Banana Bread
5059883112695	Complete Nutrition Shake	Complete Nutrition Shake
5059883115078	Szójafehérje-izolátum – matcha latte	Soy Protein Isolate – Matcha Latte
5059883116648	Fehérje-brownie	Protein – Brownie
5059883118086	Tejsavófehérje	Whey
5059883118093	Impact Whey Protein	Impact Whey Protein
5059883118109	Impact Whey Protein – csokoládé	Impact Whey Protein – Chocolate
5059883118123	Impact Whey Protein – íz nélkül	Impact Whey Protein – Unflavoured
5059883118147	Impact Whey Protein	Impact Whey Protein
5059883118154	Impact Whey Protein – természetes eper	Impact Whey Protein – Natural Strawberry
5059883118277	Impact Whey Isolate – természetes csokoládé	Impact Whey Isolate – Natural Chocolate
5059883118284	Impact Whey Isolate	Impact Whey Isolate
5059883118291	Impact Whey Isolate – csokoládés brownie	Impact Whey Isolate – Chocolate Brownie
5059883118307	Impact Whey Isolate – vanília	Impact Whey Isolate – Vanilla
5059883118314	Impact Whey Isolate – csokoládé	Impact Whey Isolate – Chocolate
5059883118352	Impact Whey Isolate	Impact Whey Isolate
5059883118437	BeNu Complete Nutrition – vegán shake	BeNu Complete Nutrition Vegan Shake
5059883169750	Impact Whey Protein	Impact Whey Protein
5059883169842	Impact Whey Protein – csokoládé-karamell	Impact Whey Protein – Chocolate Caramel
5059883169903	Impact Whey Protein – fahéjas csiga	Impact Whey Protein – Cinnamon Danish
5059883169910	Impact Whey Protein	Impact Whey Protein
5059883170220	Layered Treat	Layered Treat
5059883170930	Impact Whey Isolate	Impact Whey Isolate
5059883171722	Clear Whey Protein	Clear Whey Protein
5059883173832	Clear Whey Isolate	Clear Whey Isolate
5059883173849	Clear Whey Isolate	Clear Whey Isolate
5059883173870	Clear Whey Protein – málna-limonádé	Clear Whey Protein – Raspberry Lemonade
5059883173887	Clear Whey Protein	Clear Whey Protein
5059883175317	Clear Whey Isolate – kékáfonya	Clear Whey Isolate – Berry Blue
5059883176949	Szójafehérje-izolátum – kókusz	Soy Protein Isolate – Coconut
5059883176994	Impact Soy Protein – karamellás keksz	Impact Soy Protein – Caramel Biscuit
5059883177380	Layered Bar – szülinapi torta	Layered Bar – Birthday Cake
5059883177403	Layered Bar – kekszmorzsa	Layered Bar – Cookie Crumble
5059883177441	Layered Bar – 6 db-os csomag	Layered Bar – 6 Bar Pack
5059883177465	Layered Bar – kekszmorzsa	Layered Bar – Cookie Crumble
5059883177496	Többrétegű magas fehérjetartalmú szelet – háromcsokoládés	Multilayered High Protein Bar – Triple Chocolate
5059883177502	Layered	Layered
5059883177519	Layered Bar – mogyoró-perec	Layered Bar – Peanut Pretzel
5059883177526	Layered Bar – kekszmorzsa	Layered Bar – Cookie Crumble
5059883179193	Fehérje-brownie – tejcsokoládé-darabokkal	Protein Brownie – Milk Chocolate Chips
5059883233628	Toffee Crunch – toffee	Toffee Crunch – Toffee
5059883234014	Pop Roll	Pop Roll
5059883234946	Vegan Protein Blend – gabonapehely-tej	Vegan Protein Blend – Cereal Milk
5059883235417	Crispy Wafers – citrom	Crispy Wafers – Lemon
5059883235639	Hyrox Refuel Bar	Hyrox Refuel Bar
5059883236216	Pop Roll	Pop Roll
5059883237374	Impact Whey Protein – fehércsokoládé	Impact Whey Protein – White Chocolate
5059883238807	Lean Layered Bar – kekszes tészta	Lean Layered Bar – Cookie Dough
5059883238821	Lean Layered Bar – fehércsokoládé-málna	Lean Layered Bar – White Chocolate Raspberry
5059883238845	Lean Layered Bar – fehércsokoládé-málna	Lean Layered Bar – White Chocolate & Raspberry
5059883239774	Lean Layered Bar – kekszes tészta	Lean Layered Bar – Cookie Dough
5059883300740	Clear Whey Protein	Clear Whey Protein
5059883301877	Impact Whey Protein	Impact Whey Protein
5059883309156	Clear Whey Isolate	Clear Whey Isolate
5059883363110	Clear Whey Protein – zöld szilva-kiwi	Clear Whey Protein – Green Plum And Kiwi
5059883363202	Clear Whey Protein	Clear Whey Protein
5059883363219	Clear Whey Isolate – málna-eper	Clear Whey Isolate – Raspberry And Strawberry
5059883365855	Whey FWRD Isolate – csokoládé	Whey FWRD Isolate – Chocolate
5059883417967	Clear Whey Protein	Clear Whey Protein
5059883468587	Impact Whey Isolate – természetes csokoládé	Impact Whey Isolate – Natural Chocolate
5059883468594	Tejsavó-izolátum – vanília	Whey Isolate – Vanilla
5059883468600	Impact Whey Isolate	Impact Whey Isolate
5059883468983	Hyrox The Energy Gel (energiazselé)	Hyrox The Energy Gel
5059883469027	Hyrox The Pre-Workout Gel (edzés előtti zselé)	Hyrox The Pre-Workout Gel
5059883470504	Fehérje	Protein
5059883471549	Clear Whey Protein	Clear Whey Protein
5059883471563	Clear Whey Protein – Vimto (málna, narancs, golgotagyümölcs)	Clear Whey Protein – Vimto Raspberry, Orange & Passionfruit
5059883471679	Layered Bar – keksz-krém	Layered Bar – Cookies & Cream
5059883476544	Tejsavófehérje	Whey Protein
5059883476896	Tömegnövelő	Weight Gainer
5059883479613	Impact Diet Whey	Impact Diet Whey
5059883480527	Biteweight – dupla étcsokoládé	Biteweight – Double Dark Chocolate
5059883482200	Fehérjepor – csokoládé	Protein Powder – Chocolate
5059883501055	Impact Whey – fehér kókusztrüffel	Impact Whey – White Coconut Truffle
5060245600064	Tejsavófehérje – eper	Whey – Strawberry
5060245600446	Serious Mass	Serious Mass
5060245600668	Gold Standard 100% Whey – eper	Gold Standard 100% Whey – Strawberry
5060245600675	Gold Standard 100% Whey – vanília	Gold Standard 100% Whey – Vanilla
5060245601481	Hydro Whey	Hydro Whey
5060245601504	Platinum Hydro Whey	Platinum Hydro Whey
5060245604277	Gold Standard Whey	Gold Standard Whey
5060245605366	100% Casein Protein – keksz-krém	100% Casein Protein – Cookies & Cream
5060245605373	Gold Standard 100% Casein	Gold Standard 100% Casein
5060245607667	Opti-Lean Whey	Opti-Lean Whey
5060245607674	Opti-Lean Whey Bar – csokoládé-menta	Opti-Lean Whey Bar – Chocolate Mint
5060245607711	Tejsavófehérje	Whey
5060469980904	Gold Standard Whey	Gold Standard Whey
5060469981062	Gold Standard Whey – szülinapi torta	Gold Standard Whey – Birthday Cake
5060469981192	Gold Standard Gainer – vaníliafagylalt	Gold Standard Gainer – Vanilla Ice Cream
5060469981758	Doppel Munich	Doppel Munich
5060469982991	Lean Whey	Lean Whey
5060469983004	Whey Opti-Lean	Whey Opti-Lean
5060469983363	Serious Mass	Serious Mass
5060469983462	Flapjack – fehérjés zabpehely	Flapjack Protein Oats
5060469983530	Fehérjés palacsintapor	Protein Pancake Mix
5060469984674	Gold Standard Whey	Gold Standard Whey
5060469985053	Protein Whipped Bites – sós karamell	Protein Whipped Bites – Salted Caramel
5060469985077	Protein Whipped Bites	Protein Whipped Bites
5060469985084	Protein Whipped Bites – eper	Protein Whipped Bites – Strawberry
5060469985169	Gold Standard Whey	Gold Standard Whey
5060469985176	Gold Standard 100% Whey	Gold Standard 100% Whey
5060469985497	Tejsavófehérje	Whey
5060469985541	Fehérje	Protein
5060469986616	Fehérjemandula	Protein Almonds
5060469986746	Gold Standard Whey	Gold Standard Whey
5060469986784	Gold Standard 100% Whey	Gold Standard 100% Whey
5060469986791	Gold Standard Whey Protein Powder – eper	Gold Standard Whey Protein Powder – Strawberry
5060469987125	Gold Standard 100% Plant Protein	Gold Standard 100% Plant Protein
5060469987170	Tejsavófehérje	Whey
5060469987187	Gold Standard Whey Protein	Gold Standard Whey Protein
5060469987361	Magas fehérjetartalmú shake	High Protein Shake
5060469987385	Magas fehérjetartalmú shake – eper	High Protein Shake – Strawberry
5060469987415	100% Isolate	100% Isolate
5060469987484	Fehérjeszelet – csokoládé-karamell	Protein Bar – Chocolate Caramel
5060469987491	Fehérjeszelet	Protein Bar
5060469987507	Fehérjeszelet	Protein Bar
5060469987590	Ropogós fehérjeszelet – csokoládés brownie	Crispy Protein Bar – Chocolate Brownie
5060469987606	Crisp Bar	Crisp Bar
5060469987620	Ropogós fehérjeszelet – mogyoróvaj	Crispy Protein Bar – Peanut Butter
5060469987637	Ropogós fehérjeszelet – mogyoróvaj	Crispy Protein Bar – Peanut Butter
5060469987644	Fehérjeszelet	Protein Bar
5060469987651	Fehérjemandula	Protein Almonds
5060469987675	Fehérjemandula	Protein Almonds
5060469987958	Fehérjeszelet – karamell-keksz	Protein Bar – Caramel Cookie
5060469988511	Gold Standard Whey Extreme – tejcsokoládé	Gold Standard Whey Extreme – Milk Chocolate
5060469988535	Gold Standard 100% Whey	Gold Standard 100% Whey
5060469988542	Gold Standard Whey – eper	Gold Standard Whey – Strawberry
5060469988610	Tejsavófehérje	Whey
5060469989082	100% Whey – banánkrém	100% Whey – Banana Cream
5060469989105	Gold Standard 100% Whey	Gold Standard 100% Whey
5060469989129	Gold Whey – karamell-toffee-fudge	Gold Whey – Caramel Toffee Fudge
5060469989198	100% Gold Standard Whey	100% Gold Standard Whey
5060469989242	Gold Standard 100% Whey Powder – banánkrém	Gold Standard 100% Whey Powder – Banana Cream
5060469989303	Gold Standard 100% Whey	Gold Standard 100% Whey
5060469989846	Gold Standard Casein – szuper csokoládé	Gold Standard Casein – Chocolate Supreme
5060469989853	Gold Standard 100% Casein – krémes vanília	Gold Standard 100% Casein – Creamy Vanilla
5060746508944	Clear Whey Isolate	Clear Whey Isolate
5060746508951	Clear Whey Isolate	Clear Whey Isolate
5060746508968	Clear Whey Protein	Clear Whey Protein
5060746508982	Clear Whey Isolate	Clear Whey Isolate
5060746509217	Layered Bar – csokoládé-karamell	Layered Bar – Chocolate Caramel
5060746509231	Layered Bar – fehércsokoládé-mogyoró	Layered Bar – White Chocolate Peanut
5060746509460	Hazelnut Whip	Hazelnut Whip
5060746510145	Fehérje	Protein
5060746510466	Fehérjepor – citromos jegestea	Protein Powder – Lemon Iced Tea
5060746512538	Tejsavófehérje	Whey Protein
5060746514631	Clear Collagen Protein	Clear Collagen Protein
5060746514655	Clear Collagen Protein – barackos tea	Clear Collagen Protein – Peach Tea
5060746516062	Impact Diet Whey	Impact Diet Whey
5060746516079	Impact Diet Whey – csokoládés brownie	Impact Diet Whey – Chocolate Brownie
5060746518554	Impact Diet Whey – jegeslatte	Impact Diet Whey – Iced Latte
5060746519049	Alpha Pre Workout – savanyú alma	Alpha Pre Workout – Sour Apple
5060746520427	Fehérjepopcorn	Protein Pop Corn
5060746520946	Vegan Protein Blend – csokoládé-mogyoró-karamell	Vegan Protein Blend – Chocolate Peanut Caramel
5060746520984	My Vegan Protein Blend	My Vegan Protein Blend
5060746521011	Vegan Protein Blend	Vegan Protein Blend
5060746521837	The Whey – sós karamell	The Whey – Salted Caramel
5060746521899	The Whey	The Whey
5060746522032	The Whey – tejcsokoládé	The Whey – Decadent Milk Chocolate
5060746522773	Impact Whey Protein – joghurt	Impact Whey Protein – Yogurt
5060746523732	Impact Whey Protein	Impact Whey Protein
5060746523848	Layered Treat Without the Cheat – eper	Layered Treat Without the Cheat – Strawberry
5060746526382	Clear Whey Gainer	Clear Whey Gainer
5060751990895	Habosított fehérjeszelet	Whipped Protein Bar
5060751990901	Habosított fehérjeszelet	Whipped Protein Bar
5060751990925	Habosított fehérjeszelet – csokoládé	Whipped Protein Bar – Chocolate
5060751990932	Habosított fehérjeszelet – keksz-krém	Whipped Protein Bar – Cookies & Cream
5060751990956	Habosított fehérjeszelet – rocky road	Whipped Protein Bar – Rocky Road
5060751991526	Tejsavófehérje – gabonapehely-tej	Whey – Cereal Milk
5060751992080	Habosított fehérjeszelet – mogyoró-sós karamell	Whipped Protein Bar – Peanut & Salted Caramel
5060751992714	Növényi fehérjeszelet – csokoládé-menta	Plant Protein Bar – Chocolate Mint
5060751992738	Növényi fehérjeszelet	Plant Protein Bar
5060751993346	Gold Standard Whey – dupla gazdag csokoládé	Gold Standard Whey – Double Rich Chocolate
5060751994282	Fehérjepor – dupla csokoládé	Protein Powder – Double Chocolate
5060751994589	Gold Standard Plant Protein	Gold Standard Plant Protein
5060751994619	Whey Powder – eper	Whey Powder – Strawberry
5060751994671	Szelet – csokoládé-fleur de sel (ropogós)	Crispy Bar – Chocolate Fleur de Sel
5060751994800	Diós csokoládé-karamell szelet	Nutty Chocolate Caramel Bar
5060751995579	Tejsavófehérje – vaníliafagylalt	Whey – Vanilla Ice Cream
5060751997429	Gold Standard 100% Whey	Gold Standard 100% Whey
5060751997443	Gold Standard Whey – csokoládé-mogyoróvaj	Gold Standard Whey – Chocolate Peanut Butter
5060751997559	Fehérjés forró csokoládé	Protein Hot Chocolate
5060751997740	Gold Standard 100% Whey – csokoládé-narancs	Gold Standard 100% Whey – Chocolate Orange
5060751997795	Gold Standard Whey	Gold Standard Whey
5060751997801	Gold Standard Whey	Gold Standard Whey
5060751997818	Gold Standard 100% Whey	Gold Standard 100% Whey
5060751998341	Tejsavófehérje	Whey Protein
5060751998358	Tejsavófehérje	Whey Protein
5060751998365	Fehérje – csokoládé	Protein – Chocolate
5060751998563	Fehérjevíz	Protein Water
5060751998587	Whey Protein Blend	Whey Protein Blend
5600380890205	Diétás shake	Diet Shake
5600380890328	Fehérjeszelet	Protein Bar
5600380890861	100% Real Whey Protein Stevia – étcsokoládé	100% Real Whey Protein Stevia – Dark Chocolate
5600380890878	100% Real Whey Protein Stevia – eper	100% Real Whey Protein Stevia – Strawberry
5600380890908	100% Real Whey Protein Stevia – banán	100% Real Whey Protein Stevia – Banana
5600380891042	Fehérjetészta	Protein Pasta
5600380891448	Real Mass Gainer	Real Mass Gainer
5600380891462	Real Mass Gainer	Real Mass Gainer
5600380891714	Diet Bar – brownie	Diet Bar – Brownie
5600380891738	Diet Bar – csokoládédarabos	Diet Bar – Chocolate Chip
5600380891790	Protein Gourmet Bar	Protein Gourmet Bar
5600380891806	Protein Gourmet Bar – tejcsokoládé	Protein Gourmet Bar – Milk Chocolate
5600380891813	Protein Gourmet Bar	Protein Gourmet Bar
5600380891820	Protein Gourmet Bar	Protein Gourmet Bar
5600380891936	Protein Snack – belga csokoládé	Protein Snack – Belgian Chocolate
5600380891943	Fehérjesnack – kókusz	Protein Snack – Coconut
5600380891950	Fehérjesnack – keksz-krém	Protein Snack – Cookies & Cream
5600380891967	Fehérjesnack – toffee	Protein Snack – Toffee
5600380891974	Fehérjesnack – vaníliafagylalt	Protein Snack – Vanilla Ice Cream
5600380892346	100% Whey Premium Protein	100% Whey Premium Protein
5600380892384	100% Whey Premium Protein	100% Whey Premium Protein
5600380892407	Tömegnövelő	Mass Gainer
5600380892414	Whey Isolate Zero – csokoládé	Whey Isolate Zero – Chocolate
5600380892421	Whey Isolate Zero	Whey Isolate Zero
5600380892513	Diet Bar – banánmuffin	Diet Bar – Banana Muffin
5600380892551	Diet Bar	Diet Bar
5600380892742	Whey Isolate Zero	Whey Isolate Zero
5600380892841	Instant zabpehely – keksz	Instant Oats – Cookies
5600380892995	Whey Isolate Zero	Whey Isolate Zero
5600380893015	Fehérjeszelet – kókusz	Protein Bar – Coconut
5600380893022	Fehérjesnack	Protein Snack
5600380893039	Fehérjeszelet	Protein Bar
5600380893046	Fehérjeszelet	Protein Bar
5600380893206	Fehérjeostya	Protein Wafers
5600380893220	Fehérjeostya	Protein Wafers
5600380893237	Fehérjés malátagolyók	Protein Malts
5600380893275	POW! fehérjés keksz	POW! The Protein Powered Cookie
5600380893640	100% Whey Hydro Isolate	100% Whey Hydro Isolate
5600380893657	100% Whey Hydro Isolate Pro	100% Whey Hydro Isolate Pro
5600380893664	Whey Hydro Isolate Pro	Whey Hydro Isolate Pro
5600380893954	Barlicious	Barlicious
5600380893961	Barlicious	Barlicious
5600380894029	Fehérjekeksz	Protein Cookie
5600380894081	Whey Protein & Oats	Whey Protein & Oats
5600380894098	Whey Protein & Oats – citromos habcsók	Whey Protein & Oats – Lemon Meringue
5600380894180	Zabpehely	Oatmeal
5600380894197	Zabpehely – csokoládédarabos	Oatmeal – Chocolate Chips
5600380894241	Zero Snack Bar – banánmuffin	Zero Snack Bar – Banana Muffin
5600380894265	Zero Snack – kekszes tészta	Zero Snack – Cookie Dough
5600380894296	Zero Snack	Zero Snack
5600380894326	Zero Protein Snack – fehércsokoládé-málna	Zero Protein Snack – White Chocolate & Raspberry
5600380894388	Barlicious – fehér csokoládé	Barlicious White
5600380894401	Zero Choco Crispies	Zero Choco Crispies
5600380894449	Oatmeal Whey Protein	Oatmeal Whey Protein
5600380894456	Oatmeal Whey	Oatmeal Whey
5600380894463	Oatmeal + Whey Protein – csokoládédarabos	Oatmeal + Whey Protein – Chocolate Chip
5600380894470	Oatmeal Whey Protein	Oatmeal Whey Protein
5600380894524	Zero Break	Zero Break
5600380894609	Oatmeal + Whey Protein	Oatmeal + Whey Protein
5600380894616	Zabliszt	Oat Flour
5600380894623	Oatmeal + Whey Protein – NutChoc	Oatmeal + Whey Protein – NutChoc
5600380894630	Oatmeal + Whey Protein – mogyoróvaj	Oatmeal + Whey Protein – Peanut Butter
5600380894647	Oatmeal + Whey Protein	Oatmeal + Whey Protein
5600380894838	Fehérjepuding	Protein Pudding
5600380894852	Zero Snack – brownie	Zero Snack – Brownie
5600380894913	Zero Protein Snack – málna-fehércsokoládé	Zero Protein Snack – Raspberry White Chocolate
5600380894944	Whey Protein & Oats	Whey Protein & Oats
5600380895224	100% Whey Hydro Isolate	100% Whey Hydro Isolate
5600380895484	Whey Isolate Zero	Whey Isolate Zero
5600380895491	Fehérje	Protein
5600380895835	100% Whey Hydro Isolate Zero – csokoládé	100% Whey Hydro Isolate Zero – Chocolate
5600380895842	100% Whey Hydro Isolate Zero	100% Whey Hydro Isolate Zero
5600380895859	100% Whey Hydro Isolate	100% Whey Hydro Isolate
5600380895941	Fehérjés palacsinta – csokoládédarabos	Pancake + Protein – Chocolate Chip
5600380895965	Fehérjés palacsinta	Pancake + Protein
5600380895972	Fehérjés palacsinta	Pancake Protein
5600380895989	Micellás kazein	Casein Micellar Protein
5600380896061	100% Real Whey Isolate	100% Real Whey Isolate
5600380896085	Real Whey Isolate – vanília	Real Whey Isolate – Vanilla
5600380896092	Tejsavó-izolátum – keksz-krém	Whey Isolate – Cookies & Cream
5600380896108	Real Whey Isolate	Real Whey Isolate
5600380896139	100% Whey Prime – vanília	100% Whey Prime – Vanilla
5600380896252	100% Whey Prime	100% Whey Prime
5600380896283	100% Real Whey Protein – csokoládé	100% Real Whey Protein – Chocolate
5600380896313	100% Real Whey Protein	100% Real Whey Protein
5600380896344	100% Real Whey Protein	100% Real Whey Protein
5600380896375	100% Real Whey Protein	100% Real Whey Protein
5600380896405	100% Real Whey Protein – eper	100% Real Whey Protein – Strawberry
5600380896412	100% Real Whey Protein – vanília	100% Real Whey Protein – Vanilla
5600380896429	100% Real Whey Protein – keksz-krém	100% Real Whey Protein – Cookies & Cream
5600380896436	100% Real Whey Protein – banán	100% Real Whey Protein – Banana
5600380896450	100% Real Whey Protein – banán-eper	100% Real Whey Protein – Banana & Strawberry
5600380896481	Real Whey – csokoládé	Real Whey – Chocolate
5600380896498	100% Real Whey Protein	100% Real Whey Protein
5600380896504	100% Real Whey Protein	100% Real Whey Protein
5600380896641	100% Whey Prime	100% Whey Prime
5600380896658	100% Whey Prime	100% Whey Prime
5600380896689	100% Whey Protein Prime	100% Whey Protein Prime
5600380896696	100% Whey Prime – csokoládé-kókusz	100% Whey Prime – Chocolate Coconut
5600380896740	100% Whey Prime	100% Whey Prime
5600380896887	Whey Protein Fusion – csokoládé	Whey Protein Fusion – Chocolate
5600380896894	Whey Protein Fusion	Whey Protein Fusion
5600380896917	Whey Protein Fusion – keksz-krém	Whey Protein Fusion – Cookies & Cream
5600380897402	100% Real Whey Protein	100% Real Whey Protein
5600380897549	100% Real Whey Protein – keksz-krém	100% Real Whey Protein – Cookies & Cream
5600380897570	Fehérjés palacsinta	Pancake + Protein
5600380897617	Fehérjés palacsinta	Pancake Protein
5600380897624	Fehérjés palacsinta	Pancake Protein
5600380897655	Prime Casein	Prime Casein
5600397302340	Mini Protein Cocoa Puffies	Mini Protein Cocoa Puffies
5600499500323	Fehérjesnack	Protein Snack
5600499500347	Protein Snack Bar – fehércsokoládé-málna	Protein Snack Bar – White Chocolate Raspberry
5600499500491	Fehérjeszelet – csokoládé-mogyoró	Protein Bar – Chocolate Hazelnut
5600499500507	Fehérjeszelet	Protein Bar
5600499500583	Fehérjeszelet	Protein Bar
5600499500613	Fehérjesnack – csokoládé-mogyoró	Protein Snack – Chocolate Hazelnut
5600499501122	Melty háromrétegű szelet – mogyoróvaj	Melty Triple-Layered Bar – Peanut Butter
5600499501139	Melty Protein Bar – fudge brownie	Melty Protein Bar – Fudge Brownie
5600499501160	Energy Crunch Bar	Energy Crunch Bar
5600499502013	Zero Protein Bar	Zero Protein Bar
5600499502020	Zero Protein Bar – karamell	Zero Protein Bar – Caramel
5600499502037	Zero Bar – mogyoróvaj	Zero Bar – Peanut Butter
5600499502044	Zero Protein Bar	Zero Protein Bar
5600499502228	Melty Bar – keksz-krém	Melty Bar – Cookies & Cream
5600499502556	Bio fehérje	Organic Protein
5600499503676	Zero Bar	Zero Bar
5600499503683	Melty szelet – keksz	Melty Bar – Cookie
5600499503706	Melty	Melty
5600499503973	Real Whey Isolate	Real Whey Isolate
5600499504147	Natural 100% Real Whey Isolate	Natural 100% Real Whey Isolate
5600499504154	Izolátum fehérje	Isolate Protein
5600499504161	Natural 100% Real Whey Isolate	Natural 100% Real Whey Isolate
5600499505281	Fehérjekenyér	Protein Bread
5600499505915	Choco Butter Protein – fehér csokoládé	Choco Butter Protein – White Chocolate
5600499510070	Pure Native Whey Isolate	Pure Native Whey Isolate
5600499510483	Pure Native Whey Isolate	Pure Native Whey Isolate
5600499510506	Pure Native	Pure Native
5600499510728	100% Real Whey Protein	100% Real Whey Protein
5600499510865	Real Whey Isolate	Real Whey Isolate
5600499510872	100% Real Whey Protein – csokoládés brownie	100% Real Whey Protein – Chocolate Brownie
5600499511657	100% Real Whey Protein	100% Real Whey Protein
5600499511671	100% Real Whey Protein – csokoládé	100% Real Whey Protein – Chocolate
5600499511893	Pure Native Whey – vanília	Pure Native Whey – Vanilla
5600499512258	Real Whey Protein – stracciatella	Real Whey Protein – Stracciatella
5600499513446	Pure Native Whey – csokoládé	Pure Native Whey – Chocolate
5600499518243	Bio fehérje	Organic Protein
5600499519066	Fehérjemuffin – kókusz	Protein Muffins – Coconut
5600499519462	Choco Butter + Whey Protein	ChocoButter + Whey Protein
5600499519585	Oats & Whey – csokoládé	Oats & Whey – Chocolate
5600499519592	Oats & Whey Instant & Whole – alma-fahéj	Oats & Whey Instant & Whole – Apple-Cinnamon
5600499519653	Oats & Whey	Oats & Whey
5600499519660	Fehérjemuffin	Protein Muffins
5600499522141	Instant fehérjés palacsinta	Protein Pancake Instant
5600499522165	Instant fehérjés palacsinta	Protein Pancake Instant
5600499522400	Oats & Whey Instant & Whole	Oats & Whey Instant & Whole
5600499522424	Oats & Whey – csokoládé-mogyoró	Oats & Whey – Chocolate Hazelnut
5600499522431	Oats & Whey	Oats & Whey
5600499523612	Instant palacsinta	Pancake Instant
5600499525906	Oatmeal + Whey Protein	Oatmeal + Whey Protein
5600499526002	Zero Protein Wafer – eper	Zero Protein Wafer – Strawberry
5600499526781	Fehérjepizza	Protein Pizza
5600499527269	Oatmeal + Whey Protein – frappuccino	Oatmeal + Whey Protein – Frappuccino
5600499527276	Oatmeal + Protein	Oatmeal + Protein
5600499527306	Oatmeal + Whey Protein – karamellizált popcorn	Oatmeal + Whey Protein – Caramelized Popcorn
5600499528358	Tejsavófehérje – mogyoróvaj	Whey Protein – Peanut Butter
5600499530283	Zero Diet Whey	Zero Diet Whey
5600499533666	Oatmeal + Whey Protein – frappuccino	Oatmeal + Whey Protein – Frappuccino
5600499534748	Fehérje – tejcsokoládé	Protein – Milk Chocolate
5600499536292	Fehérje – csokoládé	Protein – Chocolate
5600499537060	Fehérje – étcsokoládé	Protein – Dark Chocolate
5600499537084	Szeletek – csokoládé, ropogós	Bars – Chocolate Crunch
5600499538647	Fehérje – csokoládé	Protein – Chocolate
5600499542408	Melty fagylaltszelet	Melty Ice Cream Bar
5600499542415	Fagylaltszelet	Ice Cream Bar
5600499542514	Energia gumicukor	Energy Gummies
5600499544334	Fehérje-zabkása – klasszikus	Protein Porridge – Classic
5600499544358	Fehérje-zabkása	Protein Porridge
5600499545812	Fehérje – étcsokoládé	Protein – Dark Chocolate
5600499551738	Instant és teljes zabpehely – csokoládé	Instant & Whole Oats – Chocolate
5600499552070	Instant zabpehely – csokoládé-pralinés	Instant Oats – Chocolate Praline
5600499552285	100% borsófehérje	100% Pea Protein
5600499552322	100% Real Whey Isolate – cappuccino	100% Real Whey Isolate – Cappuccino
5600499552339	Real Whey 100% Whey Isolate	Real Whey 100% Whey Isolate
5600499555552	100% Real Whey Protein	100% Real Whey Protein
5600499555606	100% Real Whey Protein	100% Real Whey Protein
5600499557792	Whey Hydro Isolate	Whey Hydro Isolate
5600499558423	ISO Whey – csokoládé-kókusz	ISO Whey – Chocolate Coconut
5600499559369	Zero Wafer	Zero Wafer
5600499560709	100% Whey Prime – brownie	100% Whey Prime – Brownie
5600499561201	Xtreme Whey Protein	Xtreme Whey Protein
5600499561737	Oats & Whey	Oats & Whey
5600499561782	Oats & Whey – keksz	Oats & Whey – Cookie
5600499561805	Oats & Whey – vanília-toffee	Oats & Whey – Vanilla Toffee
5600499561874	100% Whey Hydro Isolate – eper	100% Whey Hydro Isolate – Strawberry
5600499562475	100% Whey Hydro Isolate	100% Whey Hydro Isolate
5600499562543	Real Casein – almás pite	Real Casein – Apple Pie
5600499562802	Premium Vegan Protein	Premium Vegan Protein
5600499564202	Vegán fehérje – csokoládé-mogyoró	Vegan Protein – Chocolate Hazelnut
5600499566572	100% Whey Hydro Isolate – csokoládés brownie	100% Whey Hydro Isolate – Chocolate Brownie
5600499568613	100% Whey Hydro Isolate – fehércsokoládé	100% Whey Hydro Isolate – White Chocolate
5600499568729	100% rizsfehérje – csokoládé-mogyoró	100% Rice Protein – Chocolate Hazelnut
5600499574171	Pure Native Whey Isolate – csokoládé	Pure Native Whey Isolate – Chocolate
5600499574201	Pure Native Whey Isolate	Pure Native Whey Isolate
5600499575499	100% borsófehérje	100% Pea Protein
5600499575512	Rizsfehérje	Rice Protein
5600499578094	Tömegnövelő	Mass Gainer
5600499579749	100% borsófehérje	100% Pea Protein
5600499579831	100% rizsfehérje	100% Rice Protein
5600499581162	100% Whey Hydro Isolate Zero	100% Whey Hydro Isolate Zero
5600499582336	Vegán tömegnövelő	Vegan Mass Gainer
5600499584330	100% Whey Hydro Isolate Zero – keksz	100% Whey Hydro Isolate Zero – Cookie
5600499586587	100% vegán fehérje	100% Vegan Protein
5600499589564	100% vegán fehérje	100% Vegan Protein
5600727825129	Csokoládés brownie szelet	Chocolate Brownie Bar
5600826202968	Spirulina tabletta (360 db)	Spirulina 360 Tablets
5600826204917	Vegetáriánus BCAA 200 kapszula (Myvegies)	Vegetarian BCAA 200 Capsules (Myvegies)
5600826205112	Xcore Whey Hydro Isolate	Xcore Whey Hydro Isolate
5600826205310	Vegán fehérje	Vegan Protein
5600826205327	100% vegán fehérje	100% Vegan Protein
5600826205334	Vegán fehérje	Vegan Protein
5600826205341	100% vegán fehérje	100% Vegan Protein
5600826205433	Szójafehérje – vanília	Soy Protein – Vanilla
5600826205488	Xtreme Mass Gainer	Xtreme Mass Gainer
5600826205495	Xtreme Mass Gainer – eper	Xtreme Mass Gainer – Strawberry
5600826205501	Xtreme Mass Gainer – keksz-krém	Xtreme Mass Gainer – Cookies & Cream
5600826205525	Xtreme Whey	Xtreme Whey
5600826205549	Xtreme Whey Protein	Xtreme Whey Protein
5600826205556	Xtreme Whey Protein – keksz-krém	Xtreme Whey Protein – Cookies & Cream
5600826205631	100% Whey Hydro Isolate	100% Whey Hydro Isolate
5600826205655	100% Whey Hydro Isolate – vanília	100% Whey Hydro Isolate – Vanilla
5600826205662	100% Whey Hydro Isolate	100% Whey Hydro Isolate
5600826205822	Energiaszelet	Energy Bar
5600826205839	Energiaszelet – banán-mandula	Energy Bar – Banana-Almond
5600826206102	Sport Real Whey Protein – vanília	Sport Real Whey Protein – Vanilla
5600826207284	Real Whey – keksz-krém	Real Whey – Cookies & Cream
5600826207321	Real Whey Protein	Real Whey Protein
5600826207376	Protein Gourmet Bar – tejcsokoládé-mogyoró	Protein Gourmet Bar – Milk Chocolate & Peanut
5600826208557	Xtreme Mass Gainer	Xtreme Mass Gainer
5600826209844	Diet Bar – csokoládédarabos	Diet Bar – Chocolate Chip
5600826209868	Diet Bar – keksz-krém	Diet Bar – Cookies & Cream
5600826209899	Diet Bar	Diet Bar
5600826209905	Diet Bar – banánmuffin	Diet Bar – Banana Muffin
5600854620468	100% Whey Hydro Isolate	100% Whey Hydro Isolate
5600854621373	Real Whey 100% Whey Isolate	Real Whey 100% Whey Isolate
5600854621380	Real Whey 100% Whey Isolate	Real Whey 100% Whey Isolate
5600854621397	Real Whey 100% Whey Isolate – csokoládé-mogyoró	Real Whey 100% Whey Isolate – Chocolate Hazelnut
5600854623421	Big Shot Pre-Workout	Big Shot Pre-Workout
5600854624251	Fehérjemüzli – csokoládé	Protein Muesli – Chocolate
5600854624268	Fehérjemüzli – eper	Protein Muesli – Strawberry
5600854624275	Natúr fehérjemüzli	Natural Protein Muesli
5600854625517	Fehérjeszelet	Protein Bar
5600854625524	Fehérjesnack – keksz-krém	Protein Snack – Cookies & Cream
5600854625586	Fehérjeszeletek	Protein Bars
5600854626590	100% Real Casein – csokoládé	100% Real Casein – Chocolate
5600854626705	Zero Chips – barbecue	Zero Chips – Barbecue
5600854627214	Bio fehérje – édes vaníliabab	Organic Protein – Sweet Vanilla Bean
5600854627221	Bio fehérje – csokoládé	Organic Protein – Chocolate
5600854627351	Zero Diet Whey	Zero Diet Whey
5600854627368	Zero Diet Whey	Zero Diet Whey
5600854627443	Protein Whey – NutChoc	Protein Whey – NutChoc
5600854627450	Protein Whey – bonbon	Protein Whey – Bonbon
5600854627627	Zero Diet Whey – vanília	Zero Diet Whey – Vanilla
5600854627634	Zero Diet Whey – keksz-krém	Zero Diet Whey – Cookies & Cream
5600854627641	Zero Diet Whey – csokoládés brownie	Zero Diet Whey – Chocolate Brownie
5600854627894	100% tojásfehérje-albumin	100% Egg White Albumin
5600854628662	Oatmeal + Whey – mogyoróvaj	Oatmeal + Whey – Peanut Butter
5600854628907	Zabpehely – mogyoróvaj	Oatmeal – Peanut Butter
5600961101058	Energy Isocarb	Energy Isocarb
5600961107784	Protein Vegetable Freaking Good – mogyoróvaj	Protein Vegetable Freaking Good – Peanut Butter
5600961110104	Protein Vegetable Freakin' Good – speculoos	Protein Vegetable Freakin' Good – Speculoos
5600961111583	Fehérje mogyorós latte	Protein Hazelnut Latte
5600961111811	Fehérje-cappuccino	Protein Cappuccino
5600961112085	Zero Instant Pancake	Zero Instant Pancake
5600961112337	Fehérje karamell latte	Protein Caramel Latte
5600961112559	Fehérjegranola – erdei gyümölcs	Protein Granola – Forest Fruits
5600961112566	Fehérjegranola – csokoládé és mogyoró	Protein Granola – Chocolate & Hazelnuts
5600961113037	Fehérje mogyorós latte	Protein Hazelnut Latte
5600961113051	Fehérje-cappuccino extra koffeinnel	Protein Cappuccino Extra Caffeine
5600961113853	Fehérjelimonádé	Protein Lemonade
5600961114164	Magas fehérjetartalmú gofri	High Protein Waffles
5600961114171	Magas fehérjetartalmú gofri – natúr	High Protein Waffles – Original
5600961114744	Clear Whey Isolate – narancs	Clear Whey Isolate – Orange
5600961114768	Clear Whey Isolate – citrom	Clear Whey Isolate – Lemon
5600961114775	Clear Whey Isolate	Clear Whey Isolate
5600961114782	Clear Whey Isolate	Clear Whey Isolate
5600961114799	Protein Juyce – zöldalma	Protein Juyce – Green Apple
5600961114805	Clear Whey Isolate – mangó-őszibarack	Clear Whey Isolate – Mango Peach
5600961124606	Fehérjetortilla	Protein Wraps
5600961129847	Magas fehérjetartalmú csirke tikka masala	High Protein Chicken Tikka Masala
5600961130065	Magas fehérjetartalmú pulled pork sült édesburgonyával	High Protein Pulled Pork with Baked Sweet Potatoes
5600961133141	Zero Protein Nachos – cheddar sajt	Zero Protein Nachos – Cheddar Cheese
5600961134209	Tejsavófehérje – forró kakaó-keksz	Whey Protein – Hot Cocoa Cookie
5600961134988	Tejsavófehérje forró latte – fehércsokoládé	Whey Protein Hot Latte – White Chocolate
5600961138252	Magas fehérjetartalmú csirke parmezán	High Protein Chicken Parmesan
5600961140958	Magas fehérjetartalmú csirkelasagne bolognai szószos csirkével	High Protein Chicken Lasagna with Chicken Bolognese Sauce
5600961141979	Magas fehérjetartalmú tojásfehérje-omlett	High Protein Egg White Omelet
5600961145250	Zero Protein Jelly – ananász	Zero Protein Jelly – Pineapple
5600961148121	Fehérjemüzli	Protein Muesli
5600961148237	Fehérjemüzli – csokoládé	Protein Muesli – Chocolate
5600961148824	Protein Puffies	Protein Puffies
5600961151466	Zero Bar	Zero Bar
5600961151473	Zero Bar	Zero Bar
5600961157772	Tejsavófehérjés zabkása	Whey Porridge
5600961159189	Magas fehérjetartalmú csirke krémes gombás tésztával	High Protein Chicken with Creamy Mushroom Pasta
5600961159547	Protein Krispees – étcsokoládés csokirizs	Protein Krispees Choc Rice – Dark Chocolate
5600961159554	Protein Krispees – csokoládé	Protein Krispees – Chocolate
5600961159974	Mini Protein Puffies	Mini Protein Puffies
5600961160833	Protein Peanut Bar Billion	Protein Peanut Bar Billion
5600961161007	Fehérjemüzli – eper és fehér csokoládé	Protein Muesli – Strawberry & White Chocolate
5600961167443	Energy Crunch Bar	Energy Crunch Bar
5600961167498	Energy Crunch Bar	Energy Crunch Bar
5600961167504	Energy Crunch Bar	Energy Crunch Bar
5600961167511	Energy Crunch – fehérjeszelet	Energy Crunch bar
5600961170504	Whey protein müzli	Whey protein muesli
5600961170542	Whey protein müzli	Whey protein muesli
5600961170832	Protein Granola – mogyoróvaj	Protein Granola – peanut butter
5600961170863	Energy Gel – koffein, narancs	Energy Gel – caffeine, orange
5600961171136	Fehérjemüzli – csokoládé-kókusz	Protein muesli – chocolate and coconut
5600961171280	Protein Granola – karamell	Protein Granola – caramel
5600961171808	Protein Blondie	Protein Blondie
5600961172096	Billion	Billion
5600961172126	Protein Choco Crisp	Protein Choco Crisp
5600961172232	Whey + rost	Whey + fibre
5600961173789	Nutzer	Nutzer
5600961174892	Protein Puffies	Protein Puffies
5600961180657	Chico Nuts	Chico Nuts
5600961185393	Fehérjefagylalt – Billion	Protein ice cream – Billion
5600961194517	Protein Cookies	Protein Cookies
5600961194524	Protein Mug Cake	Protein Mug Cake
5600961197419	Protein Mug Cake – speculoos	Protein Mug Cake – speculoos
5600961197426	Protein Mug Cake előkeverék – vanília	Protein Mug Cake premix – vanilla
5600999904850	Real Whey Isolate 100% – csokoládé	100% Real Whey Isolate – chocolate
5602024355156	Diet Bar	Diet Bar
5607780000807	High Protein Corn Flakes	High Protein Corn Flakes
5607780002306	Pre-Workout Protein Mug Cake előkeverék – speculoos	Pre-Workout Protein Mug Cake premix – speculoos
5607780002320	Pre-Workout Protein Mug Cake előkeverék	Pre-Workout Protein Mug Cake premix
5607780010028	Protein Puffies	Protein Puffies
5607780010134	Mogyoróvajpor tejsavófehérjével	Peanut butter powder with whey
5607780010189	Oats & Whey	Oats & Whey
5607780018178	Protein Cookies	Protein Cookies
5607780018192	Double Protein Creamy Cookies	Double Protein Creamy Cookies
5607780018222	Oatmeal + Whey – csokoládédarabkák	Oatmeal + Whey – chocolate chip
5607780018239	Oatmeal and Whey	Oatmeal and Whey
5607780018260	Clear Whey Isolate	Clear Whey Isolate
5607780018277	Clear Whey Isolate	Clear Whey Isolate
5607780018307	Clear Whey Isolate	Clear Whey Isolate
5607780018314	Clear Whey Isolate – zöldalma	Clear Whey Isolate – green apple
5607780026234	Protein Chocolate	Protein Chocolate
5607780030002	Protein Chocolate – tejcsokoládé, ropogós	Protein Chocolate – milk chocolate crunch
5607780033805	Whey Protein Isolate – születésnapi torta	Whey Protein Isolate – birthday cake
5607780036028	Protein Vegetable Freakin' Good – bonbon	Protein Vegetable Freakin' Good – bonbon
5607780036486	Billion – karamell	Billion – caramel
5607780036875	Instant Vegan High Protein Powder	Instant Vegan High Protein Powder
5607780037094	Vegetable Protein – speculoos	Vegetable Protein – speculoos
5607780037100	Vegetable Protein Freakin' Good – csokoládédarabkák	Vegetable Protein Freakin' Good – chocolate chip
5607780040285	Real Whey Isolate	Real Whey Isolate
5607780040292	Real Whey Isolate	Real Whey Isolate
5607780040872	Supreme 100% Vegan Protein – speculoos	Supreme 100% Vegan Protein – speculoos
5607780045549	Protein Vegetable	Protein Vegetable
5607780045563	Protein Vegetable Freakin' Good – epres ostya	Protein Vegetable Freakin' Good – strawberry wafer
5607780047802	Protein Corn Flake	Protein Corn Flake
5607780048083	Whey Protein – belga csokoládé	Whey Protein – Belgian chocolate
5607780050642	100% Whey Hydro Isolate	100% Whey Hydro Isolate
5607780051878	Protein Granola – csokoládé-mogyoró	Protein Granola – chocolate and hazelnut
5607780059621	Whey Protein – cookies and cream	Whey Protein – cookies and cream
5707157338386	Fehérjeszelet – pisztácia	Protein bar – pistachio
5711077017451	Diet Shake – csokoládé	Diet Shake – chocolate milkshake
5711657011046	Whey 100 Ultimate – csokoládé, fehérjepor	Whey 100 Ultimate – chocolate protein powder
5711657011053	Fehérjeturmix	Protein shake
5711657011091	Whey 100 – natúr fehérjepor	Whey 100 – neutral protein powder
5711657011176	Whey 100 – eper-fehércsokoládé, fehérjepor	Whey 100 – strawberry and white chocolate protein powder
5711657011183	Whey 100 – vanília milkshake, fehérjepor	Whey 100 – vanilla milkshake protein powder
5711657011282	Fehérjepor – krémes banán	Protein powder – creamy banana
5711657011435	Whey 100 – eper milkshake, fehérjepor	Whey 100 – strawberry milkshake protein powder
5711657011473	Whey 100	Whey 100
5711657012586	Whey 100 – eper milkshake	Whey 100 – strawberry milkshake
5711657012913	Whey 100 – vanília milkshake, fehérjepor	Whey 100 – vanilla milkshake protein powder
5711657012937	Whey 100 – csokoládé, fehérjepor	Whey 100 – chocolate protein powder
5711657013965	Whey 100 – csokoládé-banán	Whey 100 – chocolate banana swirl
5711657014153	Whey 100 – sós karamell milkshake	Whey 100 – salted caramel milkshake
5711657014177	Fehérjepor – eper	Protein powder – strawberry
5711657014955	Protein Coffee – mogyorós karamell	Protein Coffee – hazelnut caramel
5711657015228	Whey 100 – cookies and cream, fehérjepor	Whey 100 – cookies and cream protein powder
5711657015501	Whey 100 – vanília kávé	Whey 100 – vanilla coffee
5711657015594	Clear Whey	Clear Whey
5711657015600	Clear Whey – barackos jeges tea	Clear Whey – peach ice tea
5711657015617	Clear Whey	Clear Whey
5711657015662	Clear Whey – barackos jeges tea	Clear Whey – peach ice tea
5711657015679	Clear Whey – Raspberry Rush (málna)	Clear Whey – Raspberry Rush
5711657015747	Vegan Blend – csokoládé, fehérjepor	Vegan Blend – chocolate protein powder
5711657015761	Vegan Blend – vanília, fehérjepor	Vegan Blend – vanilla protein powder
5711657016096	Protein Bar	Protein Bar
5711657017413	Clear Whey	Clear Whey
5711657017451	Diet Shake – csokoládé milkshake	Diet Shake – chocolate milkshake
5711657017567	Whey 100 ISO Pure Ultimate – csokoládé	Whey 100 ISO Pure Ultimate – chocolate
5711657017611	Fehérjepor – málna	Protein powder – raspberry
5711657018946	Clear Whey – trópusi nyár	Clear Whey – tropical summer
5711657019523	Diet Shake – vanília milkshake	Diet Shake – vanilla milkshake
5711657019554	Diet Shake	Diet Shake
5711657019639	Diet Meal Bar	Diet Meal Bar
5711657019899	Whey – kókusz-csokoládé	Whey – coconut chocolate
5711657020918	Whey 100	Whey 100
5711657020932	Protein Pizza – keverék	Protein Pizza mix
5711657021168	Whey 100 – friss erdei gyümölcs	Whey 100 – fresh forest fruits
5711657021182	Whey 100 – vanília jegeskávé	Whey 100 – pure vanilla iced coffee
5711657021236	Instant fehérjezabkása	Instant protein oatmeal
5711657021281	Clear Whey – citrom-lime	Clear Whey – lemon and lime
5711657021335	Protein Marzipan Bites – fehérje marcipángolyók	Protein marzipan bites
5711657021946	Fehérje smoothie – bogyós	Protein smoothie – berry
5711657021960	Fehérje smoothie	Protein smoothie
5711657022226	Fehérje smoothie – bogyós	Protein smoothie – berry
5711657022295	Fehérjeszelet – fehércsokoládés keksz	Protein bar – white choco cookie
5711657022318	Ultimate Chocolate – fehérjeszelet	Ultimate Chocolate – protein bar
5711657022332	Fehérjeszelet – kesudió-karamell	Protein bar – cashew and caramel
5711657022356	Protein Marzipan – nugát	Protein Marzipan – nougat
5711657023094	Fehérje palacsinta- és gofrikeverék	Protein pancake and waffle mix
5711657023216	Fehérje smoothie – egzotikus	Protein smoothie – exotic
5711657023247	Weight Gainer	Weight Gainer
5711657023278	Whey 100 – vanília fudge sütitészta	Whey 100 – vanilla fudge cookie dough
5711657023308	Whey 100 – csokoládé-karamell brownie fudge	Whey 100 – chocolate caramel brownie fudge
5711657023339	Protein Gröd – fahéjas csiga	Protein Gröd – cinnamon bun
5711657023360	Protein Grød	Protein Grød
5711657023506	Protein Grød	Protein Grød
5711657023544	Fehérjeszelet – csokoládé-banán	Protein bar – chocolate banana
5711657023612	Clear Whey – rózsaszín szőlő	Clear Whey – pink grape
5711657023643	Clear Whey	Clear Whey
5711657023773	Whey 100 – csokoládé-karamell brownie fudge	Whey 100 – chocolate caramel brownie fudge
5711657023797	Protein Granola – bogyós	Protein Granola – berries
5711657023810	Protein Granola	Protein Granola
5711657023971	Whey 100 – natúr	Whey 100 – neutral
5711657024039	Weight Gainer – vanília milkshake	Weight Gainer – vanilla milkshake
5711657024138	Fehérjeszelet – sós karamell	Protein bar – salted caramel
5711657024145	Fehérjeszelet – sós karamell	Protein bar – salted caramel
5711657024732	Clear Whey – vadmálna és erdei gyümölcs	Clear Whey – wild berries
5711657024817	Weight Gainer – Ultimate Chocolate	Weight Gainer – Ultimate Chocolate
5711657024930	Fehérjeszelet – mogyorós karamell	Protein bar – peanut caramel
5711657025111	Whey 100 – latte macchiato karamell	Whey 100 – latte macchiato caramel
5711657025142	Whey 100 – csokoládé-mogyoró, fehérjepor	Whey 100 – chocolate hazelnut protein powder
5711657025258	Kazein fehérje 76% – vanília milkshake	Casein Protein 76% – vanilla milkshake
5711657025289	Kazein fehérje	Casein Protein
5711657025326	Diet Shake – csokoládé milkshake	Diet Shake – chocolate milkshake
5711657025357	Diet Shake – vanília milkshake	Diet Shake – vanilla milkshake
5711657025388	Diet Shake – eper	Diet Shake – strawberry
5711657025418	Diet Shake – csokoládé	Diet Shake – chocolate
5711657025470	Diet Shake – eper milkshake	Diet Shake – strawberry milkshake
5711657025562	Diet Meal Bar	Diet Meal Bar
5711657025609	Diet Meal Bar	Diet Meal Bar
5711657025616	Diet Meal Bar – sós mogyorós karamell	Diet Meal Bar – salted peanut caramel
5711657025739	Fehérjeszelet – mogyorós csokoládé	Protein bar – hazelnut chocolate
5711657026064	Clear Whey – görögdinnye, fehérjepor	Clear Whey – watermelon protein powder
5711657026231	BLG Whey	BLG Whey
5711657026262	Clear Whey – kóla	Clear Whey – cola
5711657026446	Clear Whey – kóla	Clear Whey – cola
5711657026507	Fehérje palacsinta	Protein pancakes
5711657026538	Fehérje palacsinta	Protein pancakes
5711657026842	Skumnisse – fehérjeszelet	Skumnisse protein bar
5711657026910	Protein Marzipan	Protein Marzipan
5711657026941	Diet Meal Bar	Diet Meal Bar
5711657027030	Clear Whey – citrom-lime, fehérjepor	Clear Whey – lemon lime protein powder
5711657027061	Clear Whey – barackos jeges tea	Clear Whey – peach ice tea
5711657027122	Clear Whey – görögdinnye	Clear Whey – watermelon
5711657027146	Clear Whey – rózsaszín grapefruit	Clear Whey – pink grapefruit
5711657027153	Clear Whey – rózsaszín szőlő, fehérjepor	Clear Whey – pink grape protein powder
5711657027207	Clear Whey – barackos jeges tea	Clear Whey – peach ice tea
5711657027221	Clear Whey – Raspberry Rush (málna), fehérjepor	Clear Whey – Raspberry Rush protein powder
5711657027290	Fehérjeszelet – csokoládé brownie	Protein bar – chocolate brownie
5711657027320	Fehérjeszelet – fehércsokoládés keksz	Protein bar – white choco cookie
5711657027641	Weight Gainer – Ultimate Chocolate	Weight Gainer – Ultimate Chocolate
5711657027764	Clear Whey – édes narancs 86%	Clear Whey – sweet orange 86%
5711657027771	Clear Whey – citrom-lime	Clear Whey – lemon-lime
5711657029263	Clear Whey – rágógumi, fehérjepor	Clear Whey – bubblegum blast protein powder
5711657029324	Clear Whey – feketeribizli, fehérjepor	Clear Whey – blackcurrant protein powder
5711657029355	Whey 100 – svéd csokoládé	Whey 100 – Swedish chocolate
5711657029386	Clear Whey – feketeribizli	Clear Whey – blackcurrant
5711657029447	Fehérjepor 80%	Protein powder 80%
5711657029461	Clear Whey – rágógumi, fehérjepor	Clear Whey – bubblegum blast protein powder
5711657029652	Fehérjeszelet – málnás szelet	Protein bar – raspberry slice
5711657029683	Fehérjeszelet – sós karamell	Protein bar – salted caramel
5711657030405	Skumnisse – fehérjeszelet	Skumnisse protein bar
5711657030535	Fehérjeszelet – dubaji csokoládé	Protein bar – Dubai-style chocolate
5711657030719	Whey 100 – natúr fehérjepor	Whey 100 – neutral protein powder
5711657030740	Whey – natúr	Whey – neutral
5711657030924	Whey 100 – dán ananász	Whey 100 – Danish pineapple
5711657030986	Protein Marzipan	Protein Marzipan
5711657031082	Weight Gainer	Weight Gainer
5711657031693	Whey 100 – epres sajttorta	Whey 100 – strawberry cheesecake
5711657031761	Protein Bar – csokigolyó	Protein Bar – chocolate ball
5711657031792	Clear Whey – eper-lime	Clear Whey – strawberry lime
5711657031815	Clear Whey – trópusi	Clear Whey – tropical
5711657032317	Fehérje palacsintakeverék – csokoládé	Protein pancake mix – chocolate
5711657033291	Whey 80 – csokoládé	Whey 80 – chocolate
5711657033321	Whey 80	Whey 80
5711657033352	Whey 80 – eper	Whey 80 – strawberry
5711657033697	Whey 100 – málna	Whey 100 – raspberry
5711657033789	Fehérjeszelet – karamell fudge	Protein bar – caramel fudge
5711657051615	Clear Whey – görögdinnye	Clear Whey – watermelon
5711657056368	Protein Crunch	Protein Crunch
5711657071101	Whey 100 – Ultimate Chocolate, fehérjepor	Whey 100 – ultimate chocolate protein powder
5711657071637	Whey 100 – vanília milkshake, fehérjepor	Whey 100 – vanilla milkshake protein powder
5711857000000	Clear Whey – trópusi, fehérjepor	Clear Whey – tropical protein powder
5712357025418	Diet Shake	Diet Shake
5714658025142	Whey 100	Whey 100
5737362243186	Fehérjepor – csokoládé	Protein powder – chocolate
5744291343180	Fehérjepor – vanília	Protein powder – vanilla
5901330024948	Pure Whey	Pure Whey
5901330037986	Whey Protein – vanília	Whey Protein – vanilla
5901330038167	Whey Protein Complex 100% – kókusz	Whey Protein Complex 100% – coconut
5901330038228	Whey Protein Complex	Whey Protein Complex
5901330038242	Whey Protein Complex	Whey Protein Complex
5901330038501	Pure Whey Isolate 95	Pure Whey Isolate 95
5901330038525	Pure Whey Isolate 95	Pure Whey Isolate 95
5901330038822	Natural Whey Concentrate	Natural Whey Concentrate
5901330039614	BCAA Xplode – gyümölcspuncs	BCAA Xplode – fruit punch
5901330044236	Pro Whey Shake	Pro Whey Shake
5901330044250	Pro Whey Shake	Pro Whey Shake
5901330044397	Whey Protein Complex	Whey Protein Complex
5901330044618	Whey	Whey
5901330045240	Max Mass 3XL	Max Mass 3XL
5901330045684	Pro Whey Shake	Pro Whey Shake
5901330045899	Pro Whey Shake	Pro Whey Shake
5901330050930	Whey Protein	Whey Protein
5901330051357	Whey Protein Complex	Whey Protein Complex
5901330054648	BCAA Xplode – por	BCAA Xplode powder
5901330056413	Reanimator Pro	Reanimator Pro
5901330057007	Whey Protein Complex 100%	Whey Protein Complex 100%
5901330057311	Pure Whey Isolate 95	Pure Whey Isolate 95
5901330058059	Whey Isolate	Whey Isolate
5901330059193	Whey Protein Complex	Whey Protein Complex
5901330059384	Whey Protein Isolate	Whey Protein Isolate
5901330059629	Pure Whey Isolate 95	Pure Whey Isolate 95
5901330063985	Whey Protein Complex	Whey Protein Complex
5901330064029	Whey Protein Complex – dupla csokoládé	Whey Protein Complex – double chocolate
5901330064456	Fehérjeszelet	Protein bar
5901330064722	Magas fehérjetartalmú zabkása	High protein oatmeal
5901330066221	Mega Strong Protein	Mega Strong Protein
5901330066313	Whey Protein Complex	Whey Protein Complex
5901330067112	Mega Strong Protein	Mega Strong Protein
5901330071782	Protein Veggie Bar	Protein Veggie Bar
5901330072680	Fehérjeszelet	Protein bar
5901330072727	Fehérjeszelet	Protein bar
5901330073069	Whey Protein Complex	Whey Protein Complex
5901330073410	Gladiator – fehérjeszelet, málna	Gladiator protein bar – raspberry
5901330073847	Whey Protein Complex – csokoládé	Whey Protein Complex – chocolate
5901330073861	Whey Protein Complex	Whey Protein Complex
5901330073878	Whey Protein Complex – cookies and cream	Whey Protein Complex – cookies and cream
5901330075049	Protein Snack	Protein Snack
5901330081309	Whey Protein Complex – banán	Whey Protein Complex – banana
5901330081705	Whey Protein Complex – vanília	Whey Protein Complex – vanilla
5901330082337	Whey Protein Complex	Whey Protein Complex
5901330083297	Whey Protein Complex – csokoládé-karamell	Whey Protein Complex – chocolate caramel
5901330083372	Pure Whey Isolate 95	Pure Whey Isolate 95
5901330083815	Pure Whey Isolate 95 – vaníliafagylalt	Pure Whey Isolate 95 – vanilla ice cream
5901330086700	Veggie Protein Complex	Veggie Protein Complex
5901330087189	Whey Protein Complex	Whey Protein Complex
5901330088261	Whey Protein Complex	Whey Protein Complex
5901330088520	Whey Protein Complex	Whey Protein Complex
5901330088568	Whey Protein Complex	Whey Protein Complex
5901330089978	Whey Protein Complex	Whey Protein Complex
5901330090035	Whey – csokoládé	Whey – chocolate
5901330090882	Protein Shot	Protein Shot
5901330092435	Pure Whey Isolate 95	Pure Whey Isolate 95
5901330093555	Fehérjeszelet – málna	Protein bar – raspberry
5901330093722	I'm Pro – fehérjeszelet	I'm Pro protein bar
5901330093760	Protein Explode – fehérjeszelet, dupla csokoládé	Protein Explode bar – double chocolate
5901330093777	Protein Explode – dupla csokoládé	Protein Explode – double chocolate
5901330099274	Whey Protein Xplode – csokoládé	Whey Protein Xplode – chocolate
5901330100277	Whey Protein Complex	Whey Protein Complex
5901330101472	Fehérjeszelet – dubaji csokoládé	Protein bar – Dubai chocolate
5904567890126	Impact Whey Isolate – sós karamell	Impact Whey Isolate – salted caramel
5955936869373	Protein Mug Cake	Protein Mug Cake
5997176746366	Tejsavófehérje	Whey protein
5997921726490	Protein Crisp – fehérjeszelet	Protein Crisp bar
5998038320243	Active – fehérjeszelet, sós mogyoró	Active protein bar – salty peanut
5998400311503	Fehérjeszelet – vegán csokitorta	Vegan protein bar – chocolate cake
5999033880862	Protein Bar	Protein Bar
5999033880909	Zero – fehérjeszelet	Zero protein bar
5999076200252	GO Energy – eper	GO Energy – strawberry
5999076200467	Casein Fusion	Casein Fusion
5999076202331	Go Protein Bar – gyümölcs	Go Protein Bar – fruit
5999076204687	Spirulina – tabletta	Spirulina tablets
5999076205400	Fehérjeszelet	Protein bar
5999076205417	Go Protein – vanília-kókusz	Go Protein – vanilla coconut
5999076206056	Hyper Mass 5000	Hyper Mass 5000
5999076209583	Hyper Mass 5000 – vanília	Hyper Mass 5000 – vanilla
5999076212361	Fehérjeszelet – csokoládédarabkás keksz	Protein bar – chocolate chip cookies
5999076212514	Magas fehérjetartalmú omlettpor	High protein omelet powder
5999076212538	Protein Gusto – palacsinta	Protein Gusto – pancake
5999076212569	Protein Gusto – sajtleves	Protein Gusto – cheese soup
5999076212804	Whey Protein	Whey Protein
5999076212866	ISO Whey Zero	ISO Whey Zero
5999076212873	ISO Whey Zero	ISO Whey Zero
5999076213016	ISO Whey Zero	ISO Whey Zero
5999076213092	ISO Whey Zero – citromos sajttorta	ISO Whey Zero – lemon cheesecake
5999076213146	Nitro Pure Whey – bourbon vanília	Nitro Pure Whey – bourbon vanilla
5999076213160	Nitro Pure Whey	Nitro Pure Whey
5999076213177	Nitro Pure Whey – mogyoró	Nitro Pure Whey – hazelnut
5999076213313	Nitro Pure Whey – karamell-cappuccino	Nitro Pure Whey – caramel cappuccino
5999076213368	Nitro Pure Whey	Nitro Pure Whey
5999076213382	Nitro Pure Whey	Nitro Pure Whey
5999076213573	Nitro Pure Whey – mogyoró	Nitro Pure Whey – hazelnut
5999076213627	Whey	Whey
5999076213658	Nitro Pure Whey	Nitro Pure Whey
5999076213887	Hydro Whey Zero – fehérjepor	Hydro Whey Zero protein powder
5999076214303	Zero Bar	Zero Bar
5999076214372	Protein Gusto – palacsinta, csokoládé	Protein Gusto pancake – chocolate
5999076215034	ISO Whey Zero	ISO Whey Zero
5999076215904	Tejsavófehérje	Whey protein
5999076216062	Ultra Loss Shake – étcsokoládé	Ultra Loss Shake – dark chocolate
5999076217212	Zero Bar	Zero Bar
5999076217229	Zero Bar	Zero Bar
5999076217236	Zero Bar – csokoládé-kókusz	Zero Bar – chocolate coconut
5999076217243	Zero Bar – csokoládé-mogyoró	Zero Bar – chocolate hazelnut
5999076217298	Zero Bar	Zero Bar
5999076217304	100% Pure Whey	100% Pure Whey
5999076217311	100% Pure Whey	100% Pure Whey
5999076217328	100% Pure Whey	100% Pure Whey
5999076217366	100% Pure Whey	100% Pure Whey
5999076217373	100% Pure Whey	100% Pure Whey
5999076217502	100% Pure Whey – csokoládé	100% Pure Whey – chocolate
5999076217519	100% Pure Whey	100% Pure Whey
5999076217526	100% Pure Whey	100% Pure Whey
5999076217533	100% Pure Whey	100% Pure Whey
5999076217564	100% Pure Whey	100% Pure Whey
5999076217588	100% Pure Whey	100% Pure Whey
5999076217625	Zero Bar – almás pite	Zero Bar – apple pie
5999076217717	100% Pure Whey – mogyoró	100% Pure Whey – hazelnut
5999076217779	100% Pure Whey – bourbon vanília	100% Pure Whey – bourbon vanilla
5999076218240	ISO Whey Zero – vanília, por	ISO Whey Zero – vanilla powder
5999076218394	ISO Whey Zero	ISO Whey Zero
5999076218653	ISO Whey	ISO Whey
5999076218882	ISO Whey Zero	ISO Whey Zero
5999076218912	Casein Zero	Casein Zero
5999076218936	Casein Zero	Casein Zero
5999076218950	Casein Zero	Casein Zero
5999076219957	Rice Protein – vaníliás keksz	Rice Protein – vanilla cookie
5999076220120	Hydro Whey Zero	Hydro Whey Zero
5999076220137	Hydro Whey Zero	Hydro Whey Zero
5999076220144	Hydro Whey Zero	Hydro Whey Zero
5999076220168	Hydro Whey Zero	Hydro Whey Zero
5999076220526	100% Pure Whey	100% Pure Whey
5999076221431	Hydro Whey Zero	Hydro Whey Zero
5999076221462	Tejsavófehérje	Whey
5999076221479	100% Pure Whey	100% Pure Whey
5999076221509	100% Pure Whey	100% Pure Whey
5999076221530	Fehérjeital-por	Protein drink powder
5999076221547	100% Pure Whey	100% Pure Whey
5999076221554	100% Pure Whey	100% Pure Whey
5999076221561	Zero Bar – csokoládé-banán, 20 g fehérje	Zero Bar – chocolate banana, 20 g protein
5999076221578	Zero Bar	Zero Bar
5999076221639	ISO Whey Zero – almás pite	ISO Whey Zero – apple pie
5999076221875	100% Pure Whey	100% Pure Whey
5999076221936	Whey – bourbon vanília	Whey – bourbon vanilla
5999076221943	100% Pure Whey Protein	100% Pure Whey Protein
5999076222049	100% Pure Whey	100% Pure Whey
5999076222056	100% Pure Whey	100% Pure Whey
5999076222070	100% Pure Whey – eper	100% Pure Whey – strawberry
5999076222094	100% Pure Whey	100% Pure Whey
5999076222100	Tejsavófehérje-por	Whey protein powder
5999076222117	100% Pure Whey – csokoládé	100% Pure Whey – chocolate
5999076222131	Whey	Whey
5999076222155	100% Pure Whey	100% Pure Whey
5999076222377	ISO Whey – cookies and cream	ISO Whey – cookies and cream
5999076222384	ISO Whey Zero	ISO Whey Zero
5999076222407	ISO Whey Zero	ISO Whey Zero
5999076222414	ISO Whey	ISO Whey
5999076222421	ISO Whey Zero	ISO Whey Zero
5999076222469	ISO Whey Zero – ananász-mangó	ISO Whey Zero – pineapple mango
5999076222476	ISO Whey Zero	ISO Whey Zero
5999076222490	ISO Whey Zero	ISO Whey Zero
5999076222506	ISO Whey Zero	ISO Whey Zero
5999076222513	ISO Whey Zero	ISO Whey Zero
5999076222568	Oat & Whey	Oat & Whey
5999076222575	Protein Gusto – Oat & Whey gyümölccsel	Protein Gusto – Oat & Whey with fruits
5999076222674	Protein Fusion 85	Protein Fusion 85
5999076222704	ISO Whey Zero – cookies and cream	ISO Whey Zero – cookies and cream
5999076222728	ISO Whey Zero – fehércsokoládé	ISO Whey Zero – white chocolate
5999076222742	ISO Whey Zero	ISO Whey Zero
5999076222759	ISO Whey Zero	ISO Whey Zero
5999076222810	ISO Whey Zero	ISO Whey Zero
5999076222834	ISO Whey Zero	ISO Whey Zero
5999076222858	ISO Whey Zero	ISO Whey Zero
5999076222865	ISO Whey Zero	ISO Whey Zero
5999076222872	ISO Whey Zero – vanília	ISO Whey Zero – vanilla
5999076222889	ISO Whey Zero	ISO Whey Zero
5999076222896	ISO Whey Zero – tiramisu	ISO Whey Zero – tiramisu
5999076222902	ISO Whey Zero	ISO Whey Zero
5999076222919	ISO Whey Zero	ISO Whey Zero
5999076222964	ISO Whey	ISO Whey
5999076222971	ISO Whey Zero	ISO Whey Zero
5999076222988	ISO Whey Zero	ISO Whey Zero
5999076222995	ISO Whey Zero	ISO Whey Zero
5999076223008	ISO Whey Zero	ISO Whey Zero
5999076223015	ISO Whey Zero – csokoládé	ISO Whey Zero – chocolate
5999076223022	ISO Whey Zero – cookies and cream	ISO Whey Zero – cookies and cream
5999076223039	ISO Whey Zero	ISO Whey Zero
5999076223053	ISO Whey	ISO Whey
5999076223077	ISO Whey Zero	ISO Whey Zero
5999076223084	ISO Whey Zero	ISO Whey Zero
5999076223091	ISO Whey Zero – fehérjeital-por	ISO Whey Zero protein drink powder
5999076223114	ISO Whey Zero	ISO Whey Zero
5999076223121	ISO Whey Zero – eper	ISO Whey Zero – strawberry
5999076223138	ISO Whey Zero	ISO Whey Zero
5999076223145	ISO Whey Zero	ISO Whey Zero
5999076223152	ISO Whey Zero – fehérjeital-por, édesítőszerekkel	ISO Whey Zero protein drink powder with sweeteners
5999076223169	ISO Whey Zero – caffè latte	ISO Whey Zero – caffè latte
5999076223268	Fehérjepor – csokoládé	Protein powder – chocolate
5999076223350	Zero Bar	Zero Bar
5999076223596	Zero Bar – cappuccino	Zero Bar – cappuccino
5999076223657	Zero Bar	Zero Bar
5999076223664	Zero Bar – dupla csokoládé	Zero Bar – double chocolate
5999076223695	Zero Bar	Zero Bar
5999076223718	Protein Power – eper-banán	Protein Power – strawberry banana
5999076223756	Beef Protein – kókusz-csokoládé	Beef Protein – coconut chocolate
5999076223770	Beef Protein – eper	Beef Protein – strawberry
5999076223787	Beef Protein – csokoládé	Beef Protein – chocolate
5999076223794	Beef Protein	Beef Protein
5999076223824	Beef Protein – vanília-fahéj	Beef Protein – vanilla cinnamon
5999076223831	Beef Protein	Beef Protein
5999076223879	Étkezéshelyettesítő	Meal replacement
5999076223923	ISO Whey Zero	ISO Whey Zero
5999076223930	ISO Whey Zero	ISO Whey Zero
5999076223954	ISO Whey Zero	ISO Whey Zero
5999076223985	ISO Whey Zero – fehérjeital-por	ISO Whey Zero protein drink powder
5999076224005	ISO Whey Zero	ISO Whey Zero
5999076224562	Hyper Mass	Hyper Mass
5999076225064	Zero Bar – almás pite	Zero Bar – apple pie
5999076225163	Casein Zero	Casein Zero
5999076225170	Casein Zero	Casein Zero
5999076225248	Casein Zero	Casein Zero
5999076226085	Whey fehérje	Whey protein
5999076226283	ISO Whey Zero	ISO Whey Zero
5999076226337	ISO Whey Zero – vanília-fahéj	ISO Whey Zero – vanilla cinnamon
5999076226818	Nuts & Honey	Nuts & Honey
5999076227082	100% Pure Whey	100% Pure Whey
5999076227181	100% Pure Whey	100% Pure Whey
5999076227198	100% Pure Whey – sós karamell	100% Pure Whey – salted caramel
5999076227228	Fehérjeital – fagylalt ízű	Protein drink – ice cream flavour
5999076227242	Whey	Whey
5999076227259	100% Pure Whey	100% Pure Whey
5999076227266	Whey	Whey
5999076227297	100% Pure Whey – málnás sajttorta	100% Pure Whey – raspberry cheesecake
5999076227716	L-arginin	L-Arginine
5999076227945	Protein Power – fehérjeital-por kreatinnal	Protein Power protein drink powder with creatine
5999076227969	Protein Power – eper-banán	Protein Power – strawberry banana
5999076228379	Vegan Protein – vaníliás keksz	Vegan Protein – vanilla cookie
5999076228393	Vegan Protein	Vegan Protein
5999076228409	Vegan Protein	Vegan Protein
5999076228416	Vegan Protein	Vegan Protein
5999076228546	Whey – natúr	Whey – natural
5999076228553	100% Pure Whey – natúr, fehérjeital-por	100% Pure Whey – natural protein drink powder
5999076228737	EAA Zero	EAA Zero
5999076228775	Crush Protein Bar – csokoládé-mogyoróvaj	Crush Protein Bar – chocolate peanut butter
5999076228782	Crush Protein Bar – cookies and cream	Crush Protein Bar – cookies and cream
5999076228805	Crush Protein Bar	Crush Protein Bar
5999076228829	Fehérjechips	Protein chips
5999076228836	Fehérjechips – paprika	Protein chips – paprika
5999076228850	Protein Wafer – mokka	Protein Wafer – mocha
5999076231850	100% Pure Whey	100% Pure Whey
5999076231867	100% Pure Whey	100% Pure Whey
5999076231928	Hyper Mass – fehérjeital-por szénhidráttal és kreatinnal	Hyper Mass protein drink powder with carbohydrates and creatine
5999076232055	Fehérjefagylalt	Protein ice cream
5999076232062	Fehérjefagylalt	Protein ice cream
5999076232802	Micellar Casein	Micellar Casein
5999076232819	Micellar Casein	Micellar Casein
5999076232826	Micellar Casein	Micellar Casein
5999076232857	Micellar Casein – csokoládé	Micellar Casein – chocolate
5999076232949	Zero Bar	Zero Bar
5999076233014	ISO Whey Zero – natúr kókusz	ISO Whey Zero – natural coconut
5999076233328	ISO Whey Zero	ISO Whey Zero
5999076233625	ISO Whey Zero	ISO Whey Zero
5999076234813	Vegan Protein	Vegan Protein
5999076234820	Vegan Protein	Vegan Protein
5999076234837	Vegan Protein – valódi kávéval	Vegan Protein – with real coffee
5999076234844	Vegan Protein	Vegan Protein
5999076234851	Vegan Protein	Vegan Protein
5999076234868	Vegan Protein – csokoládé-fahéj	Vegan Protein – chocolate cinnamon
5999076234875	Vegan Protein – vaníliás keksz	Vegan Protein – vanilla cookie
5999076234882	Vegan Protein	Vegan Protein
5999076234905	Vegan Protein	Vegan Protein
5999076234912	Vegan Protein	Vegan Protein
5999076235179	Protein Cream – kakaó-mogyoró	Protein Cream – cocoa hazelnut
5999076236206	Fehérjepalacsinta	Protein pancake
5999076236442	Fehérjezabkása	Protein oatmeal
5999076236657	Fehérjeszelet	Protein bar
5999076236664	Fehérjeszelet	Protein bar
5999076236688	Fehérjeszelet	Protein bar
5999076236732	BiotechUSA fehérjetermék	BiotechUSA protein product
5999076236749	Fehérjeszelet	Protein bar
5999076236756	Fehérjeszelet	Protein bar
5999076236763	Fehérjeszelet	Protein bar
5999076236770	Fehérjeszelet – sós karamell	Protein bar – salted caramel
5999076236794	Fehérjeszelet	Protein bar
5999076236862	ISO Whey Zero	ISO Whey Zero
5999076236916	ISO Whey Zero Black	ISO Whey Zero Black
5999076236961	ISO Whey Zero Black	ISO Whey Zero Black
5999076237005	ISO Whey Zero Black	ISO Whey Zero Black
5999076237166	ISO Whey Zero – natúr	ISO Whey Zero – natural
5999076237180	ISO Whey Zero Natural – vanília-fahéj	ISO Whey Zero Natural – vanilla cinnamon
5999076237197	ISO Whey Zero Clear – barackos jeges tea	ISO Whey Zero Clear – peach ice tea
5999076237203	ISO Whey Zero Clear – trópusi	ISO Whey Zero Clear – tropical
5999076237227	ISO Whey Zero Clear	ISO Whey Zero Clear
5999076237234	ISO Whey Zero Clear – energia	ISO Whey Zero Clear – energy
5999076237241	ISO Whey Zero Clear	ISO Whey Zero Clear
5999076237937	100% Pure Whey	100% Pure Whey
5999076237944	100% Pure Whey	100% Pure Whey
5999076237968	100% Pure Whey – csokoládé-mogyoró	100% Pure Whey – chocolate hazelnut
5999076238002	100% Pure Whey – csokoládé	100% Pure Whey – chocolate
5999076238019	100% Pure Whey – eper	100% Pure Whey – strawberry
5999076238040	100% Pure Whey – kókusz-csokoládé	100% Pure Whey – coconut chocolate
5999076238064	Whey	Whey
5999076238071	100% Pure Whey	100% Pure Whey
5999076238101	100% Pure Whey	100% Pure Whey
5999076238118	100% Pure Whey	100% Pure Whey
5999076238125	Whey – tejberizs	Whey – rice pudding
5999076238132	100% Pure Whey	100% Pure Whey
5999076238170	100% Pure Whey – eper	100% Pure Whey – strawberry
5999076238187	100% Pure Whey – mogyoró	100% Pure Whey – hazelnut
5999076238194	100% Pure Whey	100% Pure Whey
5999076238217	100% Pure Whey – karamell-cappuccino	100% Pure Whey – caramel cappuccino
5999076238224	100% Pure Whey – banán	100% Pure Whey – banana
5999076238262	100% Pure Whey – keksz	100% Pure Whey – biscuit
5999076238279	100% Pure Whey	100% Pure Whey
5999076238286	100% Pure Whey	100% Pure Whey
5999076238293	100% Pure Whey – málnás sajttorta	100% Pure Whey – raspberry cheesecake
5999076238316	100% Pure Whey – vanília	100% Pure Whey – vanilla
5999076238330	100% Pure Whey – eper	100% Pure Whey – strawberry
5999076238347	Whey	Whey
5999076238361	100% Pure Whey	100% Pure Whey
5999076238378	100% Pure Whey	100% Pure Whey
5999076238392	100% Pure Whey	100% Pure Whey
5999076238415	100% Pure Whey	100% Pure Whey
5999076238422	Whey – keksz	Whey – biscuit
5999076238439	Fehérjepor	Protein powder
5999076238446	100% Pure Whey	100% Pure Whey
5999076238453	100% Pure Whey	100% Pure Whey
5999076238460	100% Pure Whey – bourbon vanília	100% Pure Whey – bourbon vanilla
5999076238477	100% Pure Whey Protein	100% Pure Whey Protein
5999076238484	100% Pure Whey – eper	100% Pure Whey – strawberry
5999076238491	100% Pure Whey – mogyoró	100% Pure Whey – hazelnut
5999076238514	100% Pure Whey	100% Pure Whey
5999076238521	Pure Whey Protein	Pure Whey Protein
5999076238538	100% Pure Whey – banán	100% Pure Whey – banana
5999076238545	100% Pure Whey	100% Pure Whey
5999076238569	100% Pure Whey	100% Pure Whey
5999076238606	100% Pure Whey – málnás sajttorta	100% Pure Whey – raspberry cheesecake
5999076238620	Fehérjeszelet – dupla csokoládé	Protein bar – double chocolate
5999076238804	ISO Whey Zero	ISO Whey Zero
5999076238828	ISO Whey	ISO Whey
5999076238835	ISO Whey Zero – málna	ISO Whey Zero – raspberry
5999076238934	Fehérjeszelet	Protein bar
5999076239139	Vegán fehérjeszelet	Vegan protein bar
5999076239412	ISO Whey Zero	ISO Whey Zero
5999076239450	Fehérjepizza	Protein pizza
5999076239832	Protein Pudding	Protein Pudding
5999076239870	Crunchy Caramel – fehérje desszertszelet	Crunchy Caramel protein dessert bar
5999076239894	Coconut Dream – fehérje desszertszelet	Coconut Dream protein dessert bar
5999076239900	Fehérje desszertszelet	Protein dessert bar
5999076239948	ISO Whey Zero	ISO Whey Zero
5999076239962	ISO Whey Clear	ISO Whey Clear
5999076239986	ISO Whey Zero Clear – energia	ISO Whey Zero Clear – energy
5999076240043	ISO Whey Zero Clear	ISO Whey Zero Clear
5999076240067	100% Pure Whey	100% Pure Whey
5999076240074	Whey	Whey
5999076240081	100% Pure Whey – fekete keksz	100% Pure Whey – black biscuit
5999076240159	Forró csokoládé ízű fehérjeital-por	Hot chocolate flavoured protein drink powder
5999076240432	Fehérjeleves	Protein soup
5999076240500	Diet Shake	Diet Shake
5999076240524	Diet Shake	Diet Shake
5999076240548	Diet Shake	Diet Shake
5999076240555	Diet Shake	Diet Shake
5999076240647	Vegan Protein – ízesítetlen	Vegan Protein – unflavoured
5999076240692	Protein Pasta	Protein Pasta
5999076240814	Hyper Mass	Hyper Mass
5999076240890	ISO Whey Zero – pekándió	ISO Whey Zero – pecan nut
5999076244829	ISO Whey Zero – étcsokoládé	ISO Whey Zero – dark chocolate
5999076245567	ISO Whey Zero – Ruby	ISO Whey Zero – Ruby
5999076248018	Protein Crispies	Protein Crispies
5999076249060	ISO Whey Zero Clear – barackos jeges tea	ISO Whey Zero Clear – peach ice tea
5999076249077	ISO Whey Zero Clear – trópusi gyümölcsök	ISO Whey Zero Clear – tropical fruits
5999076249084	ISO Whey Zero Clear – lime	ISO Whey Zero Clear – lime
5999076249091	ISO Whey Zero Clear	ISO Whey Zero Clear
5999076249107	ISO Whey Zero	ISO Whey Zero
5999076249138	Diet Shake	Diet Shake
5999076249619	Fehérjeturmix – almás pite	Protein shake – apple pie
5999076250936	Protein Power – csokoládé	Protein Power – chocolate
5999076250943	Fehérjepor	Protein powder
5999076251322	ISO Whey Zero	ISO Whey Zero
5999076251339	ISO Whey Zero – étcsokoládé	ISO Whey Zero – dark chocolate
5999076251414	ISO Whey Zero Black	ISO Whey Zero Black
5999076251438	Fehérjetermék	Protein product
5999076252299	Crispy protein bar – kakaó	Crispy protein bar – cocoa
5999076252411	Protein Cream – fehérjekrém	Protein Cream
5999076253364	100% Pure Whey – almás pite	100% Pure Whey – apple pie
5999076253371	100% Pure Whey – almás pite	100% Pure Whey – apple pie
5999076253890	Go Energy Bar – eper-joghurt	Go Energy Bar – strawberry yogurt
5999076254545	ISO Whey Zero – étcsokoládé	ISO Whey Zero – dark chocolate
5999076254552	ISO Whey Zero Clear – barack	ISO Whey Zero Clear – peach
5999076254569	ISO Whey Zero Clear	ISO Whey Zero Clear
5999076254576	ISO Whey Zero	ISO Whey Zero
5999076254668	Crispy Protein Bar – fehérjeszelet	Crispy Protein Bar
5999076254682	ISO Whey Zero	ISO Whey Zero
5999076254712	ISO Whey Zero – fehércsokoládé	ISO Whey Zero – white chocolate
5999076254729	Tejsavófehérje-por – csokoládé	Whey protein powder – chocolate
5999076254859	ISO Whey Zero	ISO Whey Zero
5999076254866	ISO Whey Zero – natúr	ISO Whey Zero – natural
5999076254873	ISO Whey Zero – natúr	ISO Whey Zero – natural
5999076254880	ISO Whey Zero	ISO Whey Zero
5999076254897	ISO Whey Zero	ISO Whey Zero
5999076254903	ISO Whey Zero	ISO Whey Zero
5999076254910	ISO Whey Zero – tejsavó-fehérjeizolátum L-glutaminnal és BCAA-val	ISO Whey Zero – whey protein isolate with L-glutamine and BCAAs
5999076254934	ISO Whey Zero	ISO Whey Zero
5999076254958	ISO Whey Zero	ISO Whey Zero
5999076254989	ISO Whey Zero – citromos sajttorta	ISO Whey Zero – lemon cheesecake
5999076254996	ISO Whey Zero – sós karamell	ISO Whey Zero – salted caramel
5999076255016	ISO Whey Zero – caffè latte	ISO Whey Zero – caffè latte
5999076255054	ISO Whey Zero – black biscuit	ISO Whey Zero – black biscuit
5999076255061	ISO Whey Zero – vanília	ISO Whey Zero – vanilla
5999076255085	ISO Whey Zero – eper	ISO Whey Zero – strawberry
5999076255092	ISO Whey Zero L-glutaminnal és BCAA-val	ISO Whey Zero with L-glutamine and BCAAs
5999076255108	ISO Whey Zero – banán	ISO Whey Zero – banana
5999076255146	Tejsavófehérje – citromos sajttorta	Whey protein – lemon cheesecake
5999076255160	ISO Whey Zero	ISO Whey Zero
5999076255177	ISO Whey Zero	ISO Whey Zero
5999076255207	ISO Whey Zero	ISO Whey Zero
5999076255214	ISO Whey – black biscuit	ISO Whey – black biscuit
5999076255238	ISO Whey Zero – csokoládé	ISO Whey Zero – chocolate
5999076255276	ISO Whey Zero	ISO Whey Zero
5999076255337	Tejsavófehérje	Whey protein
5999076255399	ISO Whey Zero	ISO Whey Zero
5999076255405	ISO Whey Zero	ISO Whey Zero
5999076255412	ISO Whey Zero – ananász-mangó	ISO Whey Zero – pineapple-mango
5999076255429	ISO Whey Zero – banán	ISO Whey Zero – banana
5999076255481	ISO Whey Zero – mogyoró	ISO Whey Zero – hazelnut
5999076255498	ISO Whey Zero – caffè latte	ISO Whey Zero – caffè latte
5999076255504	Fehérje – csokoládé-toffee	Protein – chocolate-toffee
5999076255528	ISO Whey Zero – pisztácia	ISO Whey Zero – pistachio
5999076257164	ISO Whey Zero	ISO Whey Zero
5999076258765	ISO Whey Zero – limitált kiadás	ISO Whey Zero – limited edition
5999076258987	Protein Max – banán	Protein Max – banana
5999076258994	Protein Max – dupla csokoládé	Protein Max – double chocolate
5999076259038	Protein Max – vanília-kókusz	Protein Max – vanilla coconut
5999076261352	ISO Whey Zero – katalán krém	ISO Whey Zero – Catalan cream
5999076261376	ISO Whey Zero – katalán krém	ISO Whey Zero – Catalan cream
5999076261673	ISO Whey Zero	ISO Whey Zero
5999076261680	ISO Whey Zero Clear – trópusi gyümölcs	ISO Whey Zero Clear – tropical fruit
5999076261697	ISO Whey Zero Clear – lime	ISO Whey Zero Clear – lime
5999076262533	ISO Whey Platinum	ISO Whey Platinum
5999076262540	ISO Whey Platinum	ISO Whey Platinum
5999076262625	Platinum Whey	Platinum Whey
5999076262663	ISO Whey Clear	ISO Whey Clear
5999076263165	ISO Whey Platinum – csokoládé	ISO Whey Platinum – chocolate
5999076263219	ISO Whey Platinum	ISO Whey Platinum
5999076263813	ISO Whey Clear – görögdinnye	ISO Whey Clear – watermelon
5999076263868	ISO Whey Zero	ISO Whey Zero
5999076263875	ISO Whey Zero	ISO Whey Zero
5999076263882	ISO Whey Zero	ISO Whey Zero
5999076263912	ISO Whey Zero – tiramisu	ISO Whey Zero – tiramisu
5999076263929	ISO Whey Zero – keksz-krém, fehérjeizolátum L-glutaminnal, BCAA-val	ISO Whey Zero – cookies and cream, whey isolate with L-glutamine, BCAAs
5999076263950	ISO Whey Zero	ISO Whey Zero
5999076263981	ISO Whey Zero – pisztácia	ISO Whey Zero – pistachio
5999076264001	ISO Whey Zero	ISO Whey Zero
5999076264018	ISO Whey Zero – katalán krém	ISO Whey Zero – Catalan cream
5999076264032	ISO Whey Zero	ISO Whey Zero
5999076264049	Tejsavó-fehérjeizolátum – eper	Whey isolate – strawberry
5999076264056	ISO Whey Zero	ISO Whey Zero
5999076264070	ISO Whey Zero – kókusz, L-glutaminnal és BCAA-val	ISO Whey Zero – coconut, with L-glutamine and BCAAs
5999076264117	ISO Whey Zero	ISO Whey Zero
5999076264131	ISO Whey Zero – caffè latte	ISO Whey Zero – caffè latte
5999076264148	ISO Whey Zero – fehércsokoládé	ISO Whey Zero – white chocolate
5999076264155	ISO Whey Zero	ISO Whey Zero
5999076264179	ISO Whey Zero – étcsokoládé	ISO Whey Zero – dark chocolate
5999076264209	ISO Whey Zero – étcsokoládé	ISO Whey Zero – dark chocolate
5999076264353	Chunky Protein – háromcsokoládés	Chunky Protein – triple chocolate
5999076264377	Chunky Protein	Chunky Protein
5999076265954	ISO Whey Platinum – pisztácia	ISO Whey Platinum – pistachio
5999076266029	ISO Whey Platinum – pisztácia	ISO Whey Platinum – pistachio
5999076266166	ISO Whey Zero – karácsonyi kiadás	ISO Whey Zero – XMAS edition
5999076267224	100% Pure Whey	100% Pure Whey
5999076269273	ISO Whey Clear – barackos jeges tea	ISO Whey Clear – peach iced tea
5999076273010	Zero Bar	Zero Bar
5999076414215	Zero Bar – csokoládé-banán	Zero Bar – chocolate-banana
5999100000087	Protein ice cream – fehérjefagylalt	Protein ice cream
5999100000827	Protein Breakfast – fehérje-reggeli	Protein Breakfast
5999100000988	Proteinissimo	Proteinissimo
5999100001046	Protein Pancake – fehérjepalacsinta	Protein Pancake
5999100001053	Protein Pancake – fehérjepalacsinta	Protein Pancake
5999100001374	Protein Ice Cream Light – fehérjefagylalt	Protein Ice Cream Light
5999100001565	100% Whey Protein Professional – vanília	100% Whey Protein Professional – vanilla
5999100001589	Tejsavófehérje	Whey protein
5999100001602	Protein Delite	Protein Delite
5999100001817	Hiperfehérjés szelet	High-protein bar
5999100002531	Shake & Wait	Shake & Wait
5999100002814	Oat 'n' Whey – vanília	Oat 'n' Whey – vanilla
5999100003767	Tejsavó	Whey
5999100003965	Choco Pro	Choco Pro
5999100005235	100% Whey Protein	100% Whey Protein
5999100005266	100% Whey Protein Professional	100% Whey Protein Professional
5999100005341	100% Whey Protein	100% Whey Protein
5999100005501	100% Whey Protein Professional	100% Whey Protein Professional
5999100005525	Tejsavófehérje	Whey protein
5999100005556	Whey Protein Professional	Whey Protein Professional
5999100006034	Protein Muffin – fehérjemuffin	Protein Muffin
5999100006577	Proteinissimo Prime – dupla csokoládé	Proteinissimo Prime – double chocolate
5999100007024	Proteinissimo Prime	Proteinissimo Prime
5999100007567	100% Whey Isolate	100% Whey Isolate
5999100007574	100% Whey Isolate	100% Whey Isolate
5999100007611	100% Whey Isolate	100% Whey Isolate
5999100007635	100% Whey Isolate	100% Whey Isolate
5999100007666	Whey Isolate – tejsavó-fehérjeizolátum	Whey Isolate
5999100007673	100% Whey Isolate	100% Whey Isolate
5999100007680	100% Whey Isolate	100% Whey Isolate
5999100007727	100% Whey Isolate – csokoládé-mogyoró	100% Whey Isolate – chocolate hazelnut
5999100007864	100% Whey Protein Professional	100% Whey Protein Professional
5999100007918	100% Whey Protein + ISO	100% Whey Protein + ISO
5999100007925	100% Whey Protein Professional + ISO	100% Whey Protein Professional + ISO
5999100007932	Tejsavófehérje	Whey protein
5999100007963	100% Whey Protein Professional + ISO	100% Whey Protein Professional + ISO
5999100007970	100% Whey Protein Professional + ISO	100% Whey Protein Professional + ISO
5999100008311	Protein Shake – vanília	Protein Shake – vanilla
5999100008328	Protein Shake – csokoládé	Protein Shake – chocolate
5999100008861	Prot'N'Go Protein Bar – fehérjeszelet	Prot'N'Go Protein Bar
5999100012646	100% Whey Protein Professional	100% Whey Protein Professional
5999100012677	100% Whey Protein Professional	100% Whey Protein Professional
5999100012684	100% Whey Professional – csokoládé-mogyoróvaj	100% Whey Professional – chocolate peanut butter
5999100012776	100% Whey Protein Professional – eper	100% Whey Protein Professional – strawberry
5999100012943	100% Whey Protein	100% Whey Protein
5999100013803	100% Plant Protein – növényi fehérje	100% Plant Protein
5999100016491	100% Whey Protein Professional – vanília	100% Whey Protein Professional – vanilla
5999100021419	100% Whey Protein Professional	100% Whey Protein Professional
5999100021426	100% Whey Protein Professional	100% Whey Protein Professional
5999100021433	Tejsavófehérje	Whey protein
5999100021440	Fehérjepor	Protein powder
5999100021457	Tejsavófehérje	Whey protein
5999100021471	100% Whey Protein Professional	100% Whey Protein Professional
5999100021501	100% Whey Protein Professional	100% Whey Protein Professional
5999100021525	Tejsavófehérje	Whey protein
5999100021532	Tejsavófehérje – csokoládé-mogyoró	Whey protein – chocolate hazelnut
5999100021549	Tejsavó	Whey
5999100021587	100% Whey Protein Professional	100% Whey Protein Professional
5999100021594	Tejsavófehérje – kivi-banán	Whey protein – kiwi banana
5999100021617	100% Whey Protein Professional	100% Whey Protein Professional
5999100021624	100% Whey Protein Professional – valódi kávéval	100% Whey Protein Professional – with real coffee
5999100021655	Tejsavófehérje	Whey protein
5999100021662	100% Whey Protein Professional – vanília	100% Whey Protein Professional – vanilla
5999100021679	100% Whey Protein Professional – csokoládé	100% Whey Protein Professional – chocolate
5999100021686	100% Whey Protein	100% Whey Protein
5999100021693	100% Whey Protein Professional – csokoládé	100% Whey Protein Professional – chocolate
5999100021716	100% Whey Protein Professional	100% Whey Protein Professional
5999100021754	100% Whey Protein Professional	100% Whey Protein Professional
5999100021761	100% Whey – citromos sajttorta	100% Whey – lemon cheesecake
5999100021785	Tejsavófehérje – kávé	Whey protein – coffee
5999100021808	100% Whey Protein Professional	100% Whey Protein Professional
5999100021839	Whey Protein	Whey Protein
5999100021853	100% Whey Protein Professional – csokoládé-mogyoró	100% Whey Protein Professional – chocolate hazelnut
5999100021891	Tejsavófehérje-por – banán	Whey protein powder – banana
5999100021952	100% Whey – jeges kávé	100% Whey – iced coffee
5999100021990	Protein Professional – fehérje italpor, hozzáadott aminosavakkal, tejsavómentes	Protein Professional – protein drink powder with added amino acids, whey-free
5999100022003	100% Whey Protein – eper	100% Whey Protein – strawberry
5999100022010	100% Whey Protein Professional – csokoládé-mogyoró	100% Whey Protein Professional – chocolate hazelnut
5999100022058	100% Whey Isolate – kivi-banán	100% Whey Isolate – kiwi banana
5999100022072	100% Whey Protein Professional	100% Whey Protein Professional
5999100022119	100% Whey Protein	100% Whey Protein
5999100022591	100% Vegan Protein	100% Vegan Protein
5999100022614	100% Vegan Protein – mogyoró-dió	100% Vegan Protein – hazelnut walnut
5999100022997	100% Whey Isolate – fehérje italpor hozzáadott aminosavakkal	100% Whey Isolate – protein drink powder with added amino acids
5999100023017	100% Whey Isolate – eper	100% Whey Isolate – strawberry
5999100023031	100% Whey Isolate	100% Whey Isolate
5999100023055	100% Whey Isolate	100% Whey Isolate
5999100023086	Whey Isolate	Whey Isolate
5999100023123	Whey Isolate – vanília	Whey Isolate – vanilla
5999100023130	Whey Isolate – csokoládé	Whey Isolate – chocolate
5999100023154	100% Whey Isolate	100% Whey Isolate
5999100023239	100% Whey Isolate – toffee	100% Whey Isolate – toffee
5999100023246	100% Whey Isolate	100% Whey Isolate
5999100023253	100% Whey Isolate – vanília	100% Whey Isolate – vanilla
5999100023383	Muscle Pro Protein Shake	Muscle Pro Protein Shake
5999100023789	Isolate Protein – csokoládé	Isolate Protein – chocolate
5999100024816	Jumbo – fehérje italpor	Jumbo – protein drink powder
5999100025172	Protein Pudding – fehérjepuding	Protein Pudding
5999100025189	Protein Pudding – fehérjepuding	Protein Pudding
5999100025257	Protein Delite Shake	Protein Delite Shake
5999100025608	Proteinissimo	Proteinissimo
5999100025622	Proteinissimo	Proteinissimo
5999100025653	Choco Pro Protein Bar – kókusz-panna cotta	Choco Pro Protein Bar – coconut panna cotta
5999100026179	ISO Whey Clear	ISO Whey Clear
5999100026247	Protein Pancake – fehérjepalacsinta	Protein Pancake
5999100026261	Protein Pancake – kókusz-fehércsokoládé	Protein Pancake – coconut white chocolate
5999100027435	Protein Ice Cream – piros bogyós	Protein Ice Cream – red berry
5999100027619	Protein Cream – fehérjekrém	Protein Cream
5999100029095	100% Whey Protein Professional	100% Whey Protein Professional
5999100029118	100% Whey Protein Professional – eper	100% Whey Protein Professional – strawberry
5999100029125	Whey Protein Professional – csokoládé-mogyoró	Whey Protein Professional – chocolate hazelnut
5999100029378	Fehérjepor	Protein powder
5999100029385	ISO Whey Clear	ISO Whey Clear
5999100031708	100% Whey Protein Professional	100% Whey Protein Professional
5999100031791	100% Whey Protein	100% Whey Protein
5999100031913	100% Whey Isolate	100% Whey Isolate
5999100032446	Anabolic Iso+Hydro – vanília	Anabolic Iso+Hydro – vanilla
5999100033603	Whey Protein – pisztácia-fehércsokoládé	Whey Protein – pistachio white chocolate
5999100037731	100% Beef Whey Protein – marhafehérje	100% Beef Whey Protein
5999100038127	Radical Whey – sós karamell	Radical Whey – salted caramel
5999100038240	100% Whey Isolate – vanília	100% Whey Isolate – vanilla
5999100038257	100% Whey Isolate – csokoládé	100% Whey Isolate – chocolate
5999100038271	100% Whey Isolate	100% Whey Isolate
5999100038295	100% Whey Isolate – fehérje italpor	100% Whey Isolate – protein drink powder
5999107107932	Pure Whey Pro – karamell-csokoládé	Pure Whey Pro – caramel chocolate
5999107125493	Folyékony kollagén – eper	Liquid collagen – strawberry
5999107125936	Iso Pro – meggyes joghurt, tejsavófehérje	Iso Pro – sour cherry yogurt, whey protein
5999107127824	Whey Pro – pisztácia	Whey Pro – pistachio
5999107129316	Crispybar	Crispybar
5999107130848	Whey Pro – kókusz	Whey Pro – coconut
5999107131524	Every Whey – vanília	Every Whey – vanilla
5999107132569	Protein Coffee – mézeskalács	Protein Coffee – gingerbread
5999564316731	Whey Pro	Whey Pro
5999886333584	Iso Zero Protein	Iso Zero Protein
5999976223634	Zero Bar – dupla csokoládé	Zero Bar – double chocolate
6060369989877	Kazein fehérje	Casein protein
6142112711680	Hiperfehérjés szelet	High-protein bar
61528017	Étkezéshelyettesítő shake	Meal replacement shake
64677910	High Protein	High Protein
6593023177353	Protein Bar 32% Deluxe – fehérjeszelet	Protein Bar 32% Deluxe
6796357000544	Protein puding – vanília	Protein pudding – vanilla
6974913170157	Gold Standard Whey	Gold Standard Whey
7414216312926	Vegán fehérje	Vegan protein
7603720030383	Casein Pro – csokoládé	Casein Pro – chocolate
7613434012551	Natural Protein	Natural Protein
7999673407663	Zero Bar – csokoládé-banán	Zero Bar – chocolate-banana
7999876223039	ISO Whey Zero	ISO Whey Zero
8044481320372	Protein Cookie – fehérjekeksz	Protein Cookie
8132681060133	Gold Standard 100% Whey – vaníliafagylalt	Gold Standard 100% Whey – vanilla ice cream
8194073575731	Low Carb Protein Bar 30 – pisztácia	Low Carb Protein Bar 30 – pistachio
8414184641331	Fehérjeszelet	Protein bar
8414192304631	Regenerációs ital	Recovery drink
8414192305232	Neo Isolate Whey	Neo Isolate Whey
8414192305362	Super Nitro Whey	Super Nitro Whey
8414192305379	Super Nitro Whey	Super Nitro Whey
8414192305386	Super Nitro Whey	Super Nitro Whey
8414192306017	Recovery Bar – szelet 32% tejsavófehérjével	Recovery Bar – bar with 32% whey protein
8414192306024	Recovery Bar 32% Whey Protein – eper	Recovery Bar 32% Whey Protein – strawberry
8414192306215	Recovery Bar	Recovery Bar
8414192307281	Super Nitro Whey – keksz-krém	Super Nitro Whey – cookies and cream
8414192307397	Gold Whey	Gold Whey
8414192308325	Recovery Bar	Recovery Bar
8414192308349	Victory Pro Whey Complex – csokoládé	Victory Pro Whey Complex – chocolate delight
8414192308806	Recovery Bar	Recovery Bar
8414192308813	Neo Isolate Whey – csokoládé	Neo Isolate Whey – chocolate
8414192308837	Isolate Whey	Isolate Whey
8414192309247	Protein Drink – fehérjeital	Protein Drink
8414192309322	Vegan Protein – vanília	Vegan Protein – vanilla
8414192309353	Protein Bread – fehérjekenyér	Protein Bread
8414192309360	Gourmet Oat Flour – zabliszt	Gourmet Oat Flour
8414192309445	Whey Protein krém	Whey Protein cream
8414192309728	Protein Pancake Mix – kókusz-fehércsokoládé	Protein Pancake Mix – coconut white chocolate
8414192309827	Multivit Up – multivitamin	Multivit Up
8414192310144	Vegan Protein	Vegan Protein
8414192310151	Vegan Protein – jeges cappuccino	Vegan Protein – iced cappuccino
8414192310304	Whey Protein Matrix	Whey Protein Matrix
8414192310939	Energiaszelet	Energy bar
8414192310946	Energiaszelet – joghurt-müzli	Energy bar – yogurt muesli
8414192310953	Fehérjeszelet – kókusz	Protein bar – coconut
8414192310960	Fehérjeszelet – fehércsokoládé	Protein bar – white chocolate
8414192310977	Energy Up Gel – energiazselé	Energy Up Gel
8414192310984	Energy Up Gel – energiazselé	Energy Up Gel
8414192311011	Vegan Protein	Vegan Protein
8414192311226	Vegan Protein	Vegan Protein
8414192311301	Recovery Bar Wafer – María keksz	Recovery Bar Wafer – María biscuit
8414192311332	Vegan Protein	Vegan Protein
8414192311523	Nature's Energy Bar – eper	Nature's Energy Bar – strawberry
8414192311578	Vegan Protein Bar – vegán fehérjeszelet	Vegan Protein Bar
8414192311585	Vegan Protein Bar – vegán fehérjeszelet	Vegan Protein Bar
8414192311950	Protein Peanut Butter – krémes	Protein Peanut Butter – smooth
8414192312063	Fehérjekeksz	Protein biscuit
8414192312742	Isolate Whey 100 CFM – csokoládé fondant	Isolate Whey 100 CFM – chocolate fondant
8414192312759	Isolate Whey – vaníliakrém	Isolate Whey – vanilla cream
8414192312766	Isolate Whey 100 CFM	Isolate Whey 100 CFM
8414192312773	Isolate Whey	Isolate Whey
8414192312780	Nut Protein – csokoládé, vegán	Nut Protein – chocolate, vegan
8414192312872	Isolate Whey	Isolate Whey
8414192312889	Protein Whey – csokoládé brownie	Protein Whey – chocolate brownie
8414192312902	Mega Mass 2000	Mega Mass 2000
8414192312926	Vegan Protein	Vegan Protein
8414192312988	Vegan Protein	Vegan Protein
8414192313138	Vegan Protein – vanília	Vegan Protein – vanilla
8414192313244	Whey fehérjepor – vaníliakrém	Whey protein powder – vanilla cream
8414192313251	Isolate Whey 100 CFM	Isolate Whey 100 CFM
8414192313350	Milk Protein – tejfehérje	Milk Protein
8414192313374	Plant Protein – növényi fehérje	Plant Protein
8414192313459	Vegan Protein Cream – csokis ropogós	Vegan Protein Cream – choco crunchy
8414192314258	Energy Jelly Bar – energiazselés szelet	Energy Jelly Bar
8414192314333	Whey Protein krém	Whey Protein cream
8414192314708	Vegan Protein – jeges cappuccino	Vegan Protein – iced cappuccino
8414192314715	Vegan Protein	Vegan Protein
8414192314845	Recovery Bar	Recovery Bar
8414192345887	Vegan Protein Bar – ananász-kókusz	Vegan Protein Bar – pineapple coconut
8414192346112	Collagen Peptides – kollagénpeptid	Collagen Peptides
8414192346792	60% High Protein Bar – sós mogyoró-karamell	60% High Protein Bar – salted peanut caramel
8414192346884	Vegan Protein (borsó és rizs) – mangó-matcha tea	Vegan Protein (pea and rice) – mango matcha tea
8414192346907	Nitro Whey Super Formula	Nitro Whey Super Formula
8414192347195	Vegan Protein – vanília	Vegan Protein – vanilla
8414192347218	Vegan Protein – jeges cappuccino	Vegan Protein – iced cappuccino
8414192347416	Classic Protein Bar – fehérjeszelet	Classic Protein Bar
8414192347621	Protein 7	Protein 7
8414192347751	Isolate Whey 100 CFM – csokoládé	Isolate Whey 100 CFM – chocolate
8414192347881	Isolate Whey 100 CFM – pisztácia	Isolate Whey 100 CFM – pistachio
8414192347966	Collagen – kollagén	Collagen
8414192348093	Protein Cookie – amerikai sütitészta	Protein Cookie – American cookie dough
8414192348178	Protein Cookie – áfonyakrém	Protein Cookie – blueberry cream
8414192348284	Whey Protein krém – fehér mogyoró	Whey Protein cream – white hazelnut
8414192348383	Protein Cookie – fehérjekeksz	Protein Cookie
8414192348482	High Protein Bar – fehérjeszelet	High Protein Bar
8414192348499	60% High Protein Bar – sós mogyoró-karamell	60% High Protein Bar – salted peanut caramel
8414192349014	Filled Protein Cookie – töltött fehérjekeksz	Filled Protein Cookie
8424240002112	Zero Bar – fehérjeszelet	Zero Bar – protein bar
8538663003004	Gold Standard Whey – tejsavófehérje-por	Gold Standard Whey – protein powder
8586022211102	Beef Jerky – barbecue	Beef Jerky – barbecue
8586022211454	Just Whey	Just Whey
8586022212420	Mass Gainer	Mass Gainer
8586022213847	Just Whey	Just Whey
8586022213854	Just Whey – sós karamell	Just Whey – salted caramel
8586022214295	True Whey – eper	True Whey – strawberry
8586022214479	Just Whey – sós karamell	Just Whey – salted caramel
8586022214974	Protein Popped Chips – fehérjés chips	Protein Popped Chips
8586022216107	Beef Jerky Bar – eredeti	Beef Jerky Bar – original
8586022218354	True Whey Protein Cookies – fehérjekeksz	True Whey Protein Cookies
8586022218422	Clear Whey	Clear Whey
8586022219061	Pure IsoWhey Protein	Pure IsoWhey Protein
8586022219559	Just Whey – áfonyás joghurt	Just Whey – blueberry yogurt
8586025608855	Protein Cookie – dupla csokoládé	Protein Cookie – double chocolate
8586025615488	True Whey ProDigest	True Whey ProDigest
8586025615518	True Whey ProDigest	True Whey ProDigest
8586025953177	Just Whey – banán	Just Whey – banana
8586025953184	Just Whey – banán	Just Whey – banana
8586026391725	Protein Vegan Blend – eper	Protein Vegan Blend – strawberry
8586026393033	Protein Crispbread – fehérjés ropogós kenyér	Protein Crispbread
8586026393200	Protein Balls – fehérjegolyók	Protein Balls
8586026393675	Just Whey – banán	Just Whey – banana
8586026396874	Beef Protein – marhafehérje	Beef Protein
8586026398779	ASAP Protein Cookie – fehérjekeksz	ASAP Protein Cookie
8586026890600	Moni Protein Cookies – mogyoróvaj és csokoládé	Moni Protein Cookies – peanut butter and chocolate
8586027394305	Soy Protein Isolate – szója-fehérjeizolátum	Soy Protein Isolate
8586027394312	Soy Protein Isolate – banán	Soy Protein Isolate – banana
8586027395609	Just Whey – keksz-krém	Just Whey – cookies and cream
8586027395616	Just Whey – keksz-krém	Just Whey – cookies and cream
8586027395661	Protein Bar – csokoládé-karamell	Protein Bar – chocolate caramel
8586027395814	ASAP Complete Bar	ASAP Complete Bar
8586027395821	ASAP Complete Bar – erdei gyümölcs	ASAP Complete Bar – forest fruit
8586027406237	Clear Whey Iso Fue	Clear Whey Iso Fue
8586027406886	ASAP Protein Cookie – háromcsokoládés	ASAP Protein Cookie – triple chocolate
8586027406893	ASAP Protein Cookie – banán	ASAP Protein Cookie – banana
8586028123461	Just Whey – keksz-krém	Just Whey – cookies and cream
8586028128473	Protein Wafer – fehérjés ostya	Protein Wafer
8586028136201	Soy Protein Isolate – szója-fehérjeizolátum	Soy Protein Isolate
8586028593240	Just Whey – gourmet vanília	Just Whey – gourmet vanilla
8588006139068	True Whey Protein	True Whey Protein
8588006139297	True Whey – ízesítetlen	True Whey – unflavoured
8588006139396	Micellar Casein – micellás kazein	Micellar Casein
8588006139808	True Whey Protein – csokoládé	True Whey Protein – chocolate
8588006139822	True Whey Protein – eper	True Whey Protein – strawberry
8588006485400	Protein Pancake & Waffle Mix – vanília	Protein Pancake & Waffle Mix – vanilla
8588006485622	True Whey Protein – csokoládé	True Whey Protein – chocolate
8588006485639	True Whey Protein	True Whey Protein
8588006485646	Whey Protein – tejsavófehérje	Whey Protein
8588006485738	True Whey – ízesítetlen	True Whey – unflavoured
8588006485769	Pure IsoWhey – eper	Pure IsoWhey – strawberry
8588006485950	Pure IsoWhey Protein	Pure IsoWhey Protein
8588006485974	Pure IsoWhey Protein	Pure IsoWhey Protein
8588006751048	Protein Peanut Butter – fehérjés mogyoróvaj	Protein Peanut Butter
8588006751055	Protein Peanut Butter – fehérjés mogyoróvaj	Protein Peanut Butter
8588006751529	Protein Mug Cake Mix – fehérjés bögrés sütemény keverék	Protein Mug Cake Mix
8588006751635	True Whey Protein – csokoládé-mogyoró	True Whey Protein – chocolate hazelnut
8588007130033	Just Whey – vanília	Just Whey – vanilla
8588007130699	Protein Vegan Blend	Protein Vegan Blend
8588007130729	Anabolic Whey – csokoládé	Anabolic Whey – chocolate
8588007275277	Anabolic Whey – csokoládé	Anabolic Whey – chocolate
8588007275444	Pure IsoWhey Protein	Pure IsoWhey Protein
8588007275451	Pure IsoWhey	Pure IsoWhey
8588007275802	Protein Peanut Butter – fehérjés mogyoróvaj	Protein Peanut Butter
8588007275963	Just Whey – csokoládés tejturmix	Just Whey – chocolate milkshake
8588007570044	Moi Müv Protein Bar – keksz-krém	Moi Müv Protein Bar – cookies and cream
8588007570174	True Whey Protein – karamell	True Whey Protein – caramel
8588007570181	True Whey Protein	True Whey Protein
8588007570235	True Whey – mogyoróvaj	True Whey – peanut butter
8588007570266	Fitcheat – étcsokoládé-vanília fehérjetöltelék	Fitcheat – dark chocolate vanilla protein filling
8588007709444	Just Whey	Just Whey
8588007709468	Just Whey	Just Whey
8588007709574	Moi Müv Protein Milkshake – fehérje tejturmix	Moi Müv Protein Milkshake
8594002675899	Protein Bar – barackos joghurt	Protein Bar – apricot yogurt
8594014860795	Protein Bar – mangó	Protein Bar – mango
8594014861150	Protein Pancake – fehérjepalacsinta	Protein Pancake
8594014861549	Protein Bar – banán	Protein Bar – banana
8594014861587	Protein Bar – fehérjeszelet	Protein Bar
8594014861754	100% Whey Protein – fehércsokoládé-kókusz	100% Whey Protein – white chocolate coconut
8594014861877	Carbosnack – zöldalma gél	Carbosnack – green apple gel
8594014863253	Protein Bar – banán	Protein Bar – banana
8594014863291	Whey Protein – vanília	Whey Protein – vanilla
8594014863314	Protein	Protein
8594014863352	Protein Pancake Mix – fehérjepalacsinta-keverék	Protein Pancake Mix
8594014863574	High Protein Chips – édes paprika	High Protein Chips – sweet paprika
8594014863581	High Protein Chips – sós	High Protein Chips – salted
8594014863772	After Training Protein	After Training Protein
8594014863864	Whey Protein Concentrate – csokoládé-kókusz	Whey Protein Concentrate – chocolate coconut
8594014864168	Hydro Whey – vanília	Hydro Whey – vanilla
8594014864199	Hydro Whey – vanília	Hydro Whey – vanilla
8594014864809	Evoq – mogyoróvaj	Evoq – peanut butter
8594014864823	Evoq – kókusz-csokoládé	Evoq – coconut chocolate
8594014864847	Evoq – sós karamell	Evoq – salted caramel
8594014864885	Protein Porridge – fehérjés zabkása	Protein Porridge
8594014864922	Excellent Protein Bar 25% – mogyoróvaj	Excellent Protein Bar 25% – peanut butter
8594014866179	BCAA Energy – trópusi	BCAA Energy – tropical
8594014866209	Bar – málna	Bar – raspberry
8594014866797	Premium Protein Bar – keksz-krém	Premium Protein Bar – cookies and cream
8594014866803	Premium Protein Bar – csokoládé	Premium Protein Bar – chocolate
8594014866810	Premium Protein Bar – kókusz	Premium Protein Bar – coconut
8594014867756	Be Slim 30% – keksz fehérjeszelet	Be Slim 30% – biscuit protein bar
8594014867770	Be Slim – málna	Be Slim – raspberry
8594014868180	Whey Protein – keksz-krém	Whey Protein – cookies and cream
8594014868494	Whey Protein – csokoládé	Whey Protein – chocolate
8594014868500	ISO Whey Prozero – epres sajttorta	ISO Whey Prozero – strawberry cheesecake
8594014868524	ISO Whey Prozero – csokoládés brownie	ISO Whey Prozero – chocolate brownie
8594014868548	ISO Whey Prozero – pudingos vanília	ISO Whey Prozero – pudding vanilla
8594014868555	ISO Whey Prozero – csokoládés brownie	ISO Whey Prozero – chocolate brownie
8594014868739	Delicious Vegan Protein – csokoládé-mogyoró	Delicious Vegan Protein – chocolate hazelnut
8594014868753	Delicious Vegan 60% Protein	Delicious Vegan 60% Protein
8594014868876	Prozero Protein Bar – banoffee pite	Prozero Protein Bar – banoffee pie
8594014869378	Whey Protein	Whey Protein
8594014869408	100% Whey Protein – keksz-krém	100% Whey Protein – cookies and cream
8594014869415	100% Whey Protein	100% Whey Protein
8594014869453	Whey	Whey
8594014869460	100% Whey Protein	100% Whey Protein
8594014869538	100% Whey Protein – csokoládé-mogyoró	100% Whey Protein – chocolate hazelnut
8594014869620	100% Whey Protein – kivi-banán	100% Whey Protein – kiwi banana
8594014869675	100% Whey Protein – jeges kávé	100% Whey Protein – iced coffee
8594014869705	100% Whey Protein – mangó-vanília	100% Whey Protein – mango vanilla
8594014869712	100% Whey Protein – mangó-vanília	100% Whey Protein – mango vanilla
8594014869774	Whey Protein – narancs	Whey Protein – orange
8594014869798	Protein – vanília	Protein – vanilla
8594014869828	Delicious Vegan 60% Protein – csokoládé-mogyoró	Delicious Vegan 60% Protein – chocolate nut
8594014869835	Delicious Vegan 60% Protein – latte macchiato	Delicious Vegan 60% Protein – latte macchiato
8594014869842	Delicious Vegan 60% Protein – pisztácia-marcipán	Delicious Vegan 60% Protein – pistachio marzipan
8594017420941	Whey Core	Whey Core
8594017421160	Protein Snack – fehérjés snack	Protein Snack
8594017421306	Delicious Bar	Delicious Bar
8594017421368	Peanut Butter Caramel Bar – mogyoróvaj-karamell szelet	Peanut Butter Caramel Bar
8594017421375	Protein Bar – vanília-karamell	Protein Bar – vanilla caramel
8594017421603	Game Changer Protein Bar – csokoládé-bogyós	Game Changer Protein Bar – chocoberry quest
8594017421702	Protein Cookie Dough – fehérjés sütitészta	Protein Cookie Dough
8594017421719	Protein Cookie Dough – fehérjés sütitészta	Protein Cookie Dough
8594017421733	Protein Cookie Dough – fehérjés sütitészta	Protein Cookie Dough
8594017421825	Excelent Protein Bar 25% – dubaji csokoládé	Excelent Protein Bar 25% – Dubai chocolate
8594017422419	Delicious Bar – dupla pisztácia	Delicious Bar – double pistachio
8594017423003	Whey Protein – keksz-krém	Whey Protein – cookies and cream
8594046790176	Black CFM Isolate	Black CFM Isolate
8594046790183	Isolate – mangó-ananász	Isolate – mango pineapple
8594046790206	Black CFM Isolate	Black CFM Isolate
8594046792941	Ultra Pure Whey	Ultra Pure Whey
8594046793375	Micellar Casein – sós karamell fagylalt	Micellar Casein – salted caramel ice cream
8594046793641	Micellar Casein Black Line	Micellar Casein Black Line
8594046793719	Ultra Pure Whey – dubaji csokoládé	Ultra Pure Whey – Dubai chocolate
8594046795652	Whey-Pro Fusion Protein – mangó-ananász	Whey-Pro Fusion Protein – mango pineapple
8594046796512	Protein Bar – fehérjeszelet	Protein Bar
8594060002279	Clear Iso Whey – citrom-lime	Clear Iso Whey – lemon-lime
8594060004365	Exclusive Protein Bar – dupla csokoládé	Exclusive Protein Bar – double chocolate
8594060004389	Exclusive Protein Bar 25%	Exclusive Protein Bar 25%
8594060004419	Exclusive Protein Bar – fehércsokoládé-kókusz	Exclusive Protein Bar – white chocolate coconut
8594060004426	Exclusive Protein Bar 25%	Exclusive Protein Bar 25%
8594060004723	Protein Pizza – fehérjepizza	Protein Pizza
8594060004990	Protein Müsli – fehérjemüzli	Protein Müsli
8594060005010	Mr. Popper's Protein Müsli – fehérjemüzli	Mr. Popper's Protein Müsli
8594060005027	Protein Müsli – fehérjemüzli	Protein Müsli
8594060005546	Zero Hero High Protein – vanília-mandula	Zero Hero High Protein – vanilla almond
8594060005560	Zero Hero Protein Bar 31% – mogyoróvajas sütemény	Zero Hero Protein Bar 31% – peanut butter cake
8594060005584	Zero Hero Protein Bar – dupla csokoládé	Zero Hero Protein Bar – double chocolate
8594060005737	Zero Pro Whey Native Isolate	Zero Pro Whey Native Isolate
8594060005751	ZeroPro Protein – fehércsokoládé	ZeroPro Protein – white chocolate
8594060005836	ZeroPro Protein – krémes vaníliás sajttorta	ZeroPro Protein – creamy vanilla cheesecake
8594060006413	Protein Nuts – fehérjés magvak	Protein Nuts
8594060007595	Slim Iso Whey Protein	Slim Iso Whey Protein
8594060007656	Slim Body Shake	Slim Body Shake
8594060008462	ISO HD 90 CF Protein	ISO HD 90 CF Protein
8594060008967	Gold Isolate Whey Protein – natúr	Gold Isolate Whey Protein – natural
8594060009032	Gold Whey Protein – banán	Gold Whey Protein – banana
8594073170064	I'm Whey Protein	I'm Whey Protein
8594073170842	Excelent Protein Bar 25%	Excelent Protein Bar 25%
8594073170873	Excelent Protein Bar – marcipán mandulával	Excelent Protein Bar – marzipan with almonds
8594073170880	Whey Core – vanília	Whey Core – vanilla
8594073170897	Whey Core	Whey Core
8594073171139	Protein Pudding – eper	Protein Pudding – strawberry
8594073171153	Protein Pudding – vanília	Protein Pudding – vanilla
8594073171368	Energy Bar – csokoládés brownie	Energy Bar – chocolate brownie
8594073171979	Qwizz Protein Bar – mogyoróvaj	Qwizz Protein Bar – peanut butter
8594073171986	Qwizz Protein Bar – csokoládé-kókusz	Qwizz Protein Bar – chocolate coconut
8594073172006	Qwizz Protein Bar – mandula és csokoládé	Qwizz Protein Bar – almond and chocolate
8594073172013	Qwizz Protein Bar – sós karamell	Qwizz Protein Bar – salted caramel
8594073172778	100% Whey Protein – eper	100% Whey Protein – strawberry
8594073172792	100% Whey Protein	100% Whey Protein
8594073173171	Energy Bar – energiaszelet	Energy Bar
8594073173546	50% Coconut Protein Bar – kókuszos fehérjeszelet	50% Coconut Protein Bar
8594073174086	Mass Gain – vanília	Mass Gain – vanilla
8594073174956	Qwizz Protein Bar	Qwizz Protein Bar
8594073174963	Qwizz Protein Bar	Qwizz Protein Bar
8594073175748	Low Carb Protein Bar 30 – nugát	Low Carb Protein Bar 30 – nougat
8594073175755	Low Carb Protein Bar 30	Low Carb Protein Bar 30
8594073176554	Excelent Protein Bar – dupla	Excelent Protein Bar – double
8594073176561	Excelent Protein Bar – mandula-pisztácia	Excelent Protein Bar – almond pistachio
8594073176585	Excelent Protein Bar – csokoládé és nugát vörösáfonyával	Excelent Protein Bar – chocolate and nougat with cranberries
8594073176912	Protein Pancake – natúr	Protein Pancake – natural
8594073177131	Voltage Energy Bar – koffeinnel, kávé	Voltage Energy Bar – with caffeine, coffee
8594073177353	Deluxe Protein Bar – csokoládés brownie	Deluxe Protein Bar – chocolate brownie
8594073177360	Deluxe Protein Bar 32% – csokoládé	Deluxe Protein Bar 32% – chocolate
8594073177377	Deluxe Protein Bar – epres sajttorta	Deluxe Protein Bar – strawberry cheesecake
8594073177407	Deluxe Protein Bar – panna cotta	Deluxe Protein Bar – panna cotta
8594073178060	Deluxe 100% Whey Protein – csokoládé-mogyoró	Deluxe 100% Whey Protein – chocolate hazelnut
8594073178961	100% Beef Protein – mandula-pisztácia	100% Beef Protein – almond pistachio
8594073179142	100% Whey Protein – jeges kávé	100% Whey Protein – iced coffee
8594073179326	100% Whey Protein	100% Whey Protein
8594073179340	Whey – jeges kávé	Whey – iced coffee
8594073179470	Micellar Casein – micellás kazein	Micellar Casein
8594073179586	Excelent Protein Bar – csokoládé-kókusz	Excelent Protein Bar – chocolate coconut
8594073179647	100% Whey Isolate – vanília	100% Whey Isolate – vanilla
8594157870941	Energy Bar – kesudió-karamell	Energy Bar – cashew caramel
8594159530768	Mr. Popper's High Protein Pancakes – fehérjepalacsinta	Mr. Popper's High Protein Pancakes
8594159531109	IsoPrime CFM Isolate – csokoládé	IsoPrime CFM Isolate – chocolate
8594159531116	IsoPrime CFM Isolate – vaníliakrém	IsoPrime CFM Isolate – vanilla cream
8594159531147	IsoPrime CFM	IsoPrime CFM
8594159531260	Whey Protein Elite	Whey Protein Elite
8594159531628	IsoPrime Protein	IsoPrime Protein
8594159532892	Whey Pro Fusion Protein – eper	Whey Pro Fusion Protein – strawberry
8594159533127	WheyPro Predator	WheyPro Predator
8594159533240	IsoPrime CFM Isolate – erdei gyümölcs	IsoPrime CFM Isolate – forest fruit
8594159533448	IsoPrime CFM – mokka-csokoládé-kávé	IsoPrime CFM – mocha choco coffee
8594159533615	McPro Protein Bar – fehérjeszelet	McPro Protein Bar
8594159533622	McPro Protein Bar – tejes fahéjas	McPro Protein Bar – milk with cinnamon
8594159533714	Protein Bread – fehérjekenyér magvakkal	Protein Bread with seeds
8594159534353	WheyPro Fusion – sárgadinnye-joghurt	WheyPro Fusion – melon yogurt
8594159534407	Whey-Pro Fusion Protein	Whey-Pro Fusion Protein
8594159534575	Predator Protein	Predator Protein
8594159534865	Micellar Casein – micellás kazein	Micellar Casein
8594159537422	CFM Nitro Protein Isolate – dupla csokoládé	CFM Nitro Protein Isolate – double chocolate
8594159537439	CFM Nitro Protein Isolate – tejes vanília	CFM Nitro Protein Isolate – milk vanilla
8594159537620	Reco-Pro Protein	Reco-Pro Protein
8594159537651	Reco-Pro 1000 – vanília-joghurt	Reco-Pro 1000 – vanilla yogurt
8594159538801	Whey Pro Fusion Protein – dupla fehércsokoládé	Whey Pro Fusion Protein – double white chocolate
8594159538924	Whey Pure Fusion Protein	Whey Pure Fusion Protein
8697426234434	Gold Standard Whey	Gold Standard Whey
8711399024516	Protein 20 g	Protein 20 g
8719881001465	Green Protein – növényi fehérje	Green Protein
8721082164009	Protein Pancakes – fehérjepalacsinta	Protein Pancakes
8721082164023	Protein Pancake – csokoládé	Protein Pancake – chocolate
9002976283808	High Protein – csokoládémousse	High Protein – chocolate mousse
9026679560011	30% Protein+ – vanília-kókusz	30% Protein+ – vanilla coconut
9060496988511	Gold Standard 100% Whey – tejcsokoládé	Gold Standard 100% Whey – milk chocolate
9060496988603	Gold Standard 100% Whey	Gold Standard 100% Whey
90752223	Zero Bar	Zero Bar
9078734349406	Protein Layer – keksz-krém	Protein Layer – cookies and cream
9088365043659	Vegan Protein – vanília	Vegan Protein – vanilla
9100000965284	Mogyoróvajas szelet – csokoládés-kókuszos ropogós	Peanut bar – chocolate coconut crispies
9214945034667	Protein+ Vegan	Protein+ Vegan
9260414731582	Deluxe Protein Bar – fehérjeszelet	Deluxe Protein Bar
9351978001065	Performance Whey	Performance Whey
9351978001522	Whey Protein – csokoládés tejturmix	Whey Protein – chocolate milkshake
9711639023612	Clear Whey – rózsaszín grapefruit	Clear Whey – pink grapefruit
9711785019545	Diet Meal Bar – étkezéshelyettesítő szelet	Diet Meal Bar
97592723	33% Protein+ – mogyorós csokoládé	33% Protein+ – peanut chocolate
9775177027068	Gold Standard 100% Whey	Gold Standard 100% Whey
9999045103801	Protein müzli – fehérjemüzli	Protein muesli
